state,id,name,county_id
,529,RHODEISLAND,529
,430,ALASKA,430
,0,DistrictofColumbia,0
Alabama,1043,Cullman,043
Alabama,1049,DeKalb,049
Alabama,1095,Marshall,095
Alabama,1103,Morgan,103
Alabama,1077,Lauderdale,077
Alabama,1071,Jackson,071
Alabama,1009,Blount,009
Alabama,1079,Lawrence,079
Alabama,1003,Baldwin,003
Alabama,1083,Limestone,083
Alabama,1089,Madison,089
Alabama,1039,Covington,039
Alabama,1055,Etowah,055
Alabama,1059,Franklin,059
Alabama,1061,Geneva,061
Alabama,1031,Coffee,031
Alabama,1069,Houston,069
Alabama,1021,Chilton,021
Alabama,1097,Mobile,097
Alabama,1101,Montgomery,101
Alabama,1093,Marion,093
Alabama,1015,Calhoun,015
Alabama,1133,Winston,133
Alabama,1111,Randolph,111
Alabama,1115,St.Clair,115
Alabama,1109,Pike,109
Alabama,1051,Elmore,051
Alabama,1033,Colbert,033
Alabama,1121,Talladega,121
Alabama,1041,Crenshaw,041
Alabama,1013,Butler,013
Alabama,1127,Walker,127
Alabama,1091,Marengo,091
Alabama,1019,Cherokee,019
Alabama,1125,Tuscaloosa,125
Alabama,1117,Shelby,117
Alabama,1005,Barbour,005
Alabama,1045,Dale,045
Alabama,1107,Pickens,107
Alabama,1099,Monroe,099
Alabama,1047,Dallas,047
Alabama,1073,Jefferson,073
Alabama,1027,Clay,027
Alabama,1129,Washington,129
Alabama,1065,Hale,065
Alabama,1053,Escambia,053
Alabama,1029,Cleburne,029
Alabama,1017,Chambers,017
Alabama,1035,Conecuh,035
Alabama,1067,Henry,067
Alabama,1081,Lee,081
Alabama,1123,Tallapoosa,123
Alabama,1001,Autauga,001
Alabama,1119,Sumter,119
Alabama,1085,Lowndes,085
Alabama,1057,Fayette,057
Alabama,1087,Macon,087
Alabama,1075,Lamar,075
Alabama,1105,Perry,105
Alabama,1011,Bullock,011
Alabama,1063,Greene,063
Alabama,1131,Wilcox,131
Alabama,1023,Choctaw,023
Alabama,1025,Clarke,025
Alabama,1037,Coosa,037
Alabama,1113,Russell,113
Alabama,1007,Bibb,007
Alaska,2020,Anchorage,020
Alaska,2090,FairbanksNorthStar,090
Alaska,2122,KenaiPeninsula,122
Alaska,2016,AleutiansWest,016
Alaska,2110,Juneau,110
Alaska,2013,AleutiansEast,013
Alaska,2050,Bethel,050
Alaska,2060,BristolBay,060
Alaska,2068,Denali,068
Alaska,2070,Dillingham,070
Alaska,2100,Haines,100
Alaska,2105,Hoonah-Angoon,105
Alaska,2130,KetchikanGateway,130
Alaska,2150,KodiakIsland,150
Alaska,2164,LakeandPeninsula,164
Alaska,2170,Matanuska-Susitna,170
Alaska,2180,Nome,180
Alaska,2185,NorthSlope,185
Alaska,2188,NorthwestArctic,188
Alaska,2195,Petersburg,195
Alaska,2198,PrinceofWales-Hyder,198
Alaska,2220,Sitka,220
Alaska,2230,Skagway,230
Alaska,2240,SoutheastFairbanks,240
Alaska,2261,Valdez-Cordova,261
Alaska,2270,WadeHampton,270
Alaska,2275,Wrangell,275
Alaska,2282,Yakutat,282
Alaska,2290,Yukon-Koyukuk,290
Arizona,4013,Maricopa,013
Arizona,4003,Cochise,003
Arizona,4027,Yuma,027
Arizona,4025,Yavapai,025
Arizona,4021,Pinal,021
Arizona,4019,Pima,019
Arizona,4017,Navajo,017
Arizona,4001,Apache,001
Arizona,4009,Graham,009
Arizona,4005,Coconino,005
Arizona,4015,Mohave,015
Arizona,4023,SantaCruz,023
Arizona,4007,Gila,007
Arizona,4011,Greenlee,011
Arizona,4012,LaPaz,012
Arkansas,5143,Washington,143
Arkansas,5007,Benton,007
Arkansas,5145,White,145
Arkansas,5009,Boone,009
Arkansas,5087,Madison,087
Arkansas,5045,Faulkner,045
Arkansas,5015,Carroll,015
Arkansas,5083,Logan,083
Arkansas,5063,Independence,063
Arkansas,5115,Pope,115
Arkansas,5149,Yell,149
Arkansas,5033,Crawford,033
Arkansas,5113,Polk,113
Arkansas,5049,Fulton,049
Arkansas,5047,Franklin,047
Arkansas,5029,Conway,029
Arkansas,5131,Sebastian,131
Arkansas,5055,Greene,055
Arkansas,5085,Lonoke,085
Arkansas,5031,Craighead,031
Arkansas,5061,Howard,061
Arkansas,5057,Hempstead,057
Arkansas,5023,Cleburne,023
Arkansas,5065,Izard,065
Arkansas,5121,Randolph,121
Arkansas,5127,Scott,127
Arkansas,5129,Searcy,129
Arkansas,5075,Lawrence,075
Arkansas,5071,Johnson,071
Arkansas,5137,Stone,137
Arkansas,5133,Sevier,133
Arkansas,5021,Clay,021
Arkansas,5135,Sharp,135
Arkansas,5089,Marion,089
Arkansas,5141,VanBuren,141
Arkansas,5101,Newton,101
Arkansas,5091,Miller,091
Arkansas,5111,Poinsett,111
Arkansas,5005,Baxter,005
Arkansas,5059,HotSpring,059
Arkansas,5093,Mississippi,093
Arkansas,5109,Pike,109
Arkansas,5097,Montgomery,097
Arkansas,5099,Nevada,099
Arkansas,5051,Garland,051
Arkansas,5105,Perry,105
Arkansas,5119,Pulaski,119
Arkansas,5081,LittleRiver,081
Arkansas,5019,Clark,019
Arkansas,5125,Saline,125
Arkansas,5067,Jackson,067
Arkansas,5001,Arkansas,001
Arkansas,5027,Columbia,027
Arkansas,5117,Prairie,117
Arkansas,5123,St.Francis,123
Arkansas,5037,Cross,037
Arkansas,5107,Phillips,107
Arkansas,5043,Drew,043
Arkansas,5077,Lee,077
Arkansas,5139,Union,139
Arkansas,5017,Chicot,017
Arkansas,5073,Lafayette,073
Arkansas,5011,Bradley,011
Arkansas,5069,Jefferson,069
Arkansas,5003,Ashley,003
Arkansas,5079,Lincoln,079
Arkansas,5041,Desha,041
Arkansas,5025,Cleveland,025
Arkansas,5095,Monroe,095
Arkansas,5035,Crittenden,035
Arkansas,5053,Grant,053
Arkansas,5147,Woodruff,147
Arkansas,5103,Ouachita,103
Arkansas,5013,Calhoun,013
Arkansas,5039,Dallas,039
California,6073,SanDiego,073
California,6019,Fresno,019
California,6107,Tulare,107
California,6099,Stanislaus,099
California,6077,SanJoaquin,077
California,6065,Riverside,065
California,6047,Merced,047
California,6097,Sonoma,097
California,6079,SanLuisObispo,079
California,6111,Ventura,111
California,6007,Butte,007
California,6071,SanBernardino,071
California,6029,Kern,029
California,6039,Madera,039
California,6103,Tehama,103
California,6083,SantaBarbara,083
California,6067,Sacramento,067
California,6037,LosAngeles,037
California,6061,Placer,061
California,6101,Sutter,101
California,6045,Mendocino,045
California,6021,Glenn,021
California,6055,Napa,055
California,6085,SantaClara,085
California,6031,Kings,031
California,6053,Monterey,053
California,6089,Shasta,089
California,6023,Humboldt,023
California,6033,Lake,033
California,6095,Solano,095
California,6113,Yolo,113
California,6017,ElDorado,017
California,6115,Yuba,115
California,6011,Colusa,011
California,6093,Siskiyou,093
California,6013,ContraCosta,013
California,6087,SantaCruz,087
California,6069,SanBenito,069
California,6025,Imperial,025
California,6001,Alameda,001
California,6057,Nevada,057
California,6009,Calaveras,009
California,6049,Modoc,049
California,6005,Amador,005
California,6059,Orange,059
California,6035,Lassen,035
California,6109,Tuolumne,109
California,6043,Mariposa,043
California,6081,SanMateo,081
California,6041,Marin,041
California,6063,Plumas,063
California,6105,Trinity,105
California,6015,DelNorte,015
California,6027,Inyo,027
California,6051,Mono,051
California,6091,Sierra,091
California,6003,Alpine,003
California,6075,SanFrancisco,075
Colorado,8123,Weld,123
Colorado,8077,Mesa,077
Colorado,8069,Larimer,069
Colorado,8029,Delta,029
Colorado,8125,Yuma,125
Colorado,8075,Logan,075
Colorado,8085,Montrose,085
Colorado,8087,Morgan,087
Colorado,8121,Washington,121
Colorado,8041,ElPaso,041
Colorado,8013,Boulder,013
Colorado,8039,Elbert,039
Colorado,8067,LaPlata,067
Colorado,8083,Montezuma,083
Colorado,8063,KitCarson,063
Colorado,8001,Adams,001
Colorado,8101,Pueblo,101
Colorado,8009,Baca,009
Colorado,8035,Douglas,035
Colorado,8099,Prowers,099
Colorado,8089,Otero,089
Colorado,8043,Fremont,043
Colorado,8071,LasAnimas,071
Colorado,8021,Conejos,021
Colorado,8045,Garfield,045
Colorado,8073,Lincoln,073
Colorado,8107,Routt,107
Colorado,8059,Jefferson,059
Colorado,8095,Phillips,095
Colorado,8081,Moffat,081
Colorado,8105,RioGrande,105
Colorado,8061,Kiowa,061
Colorado,8017,Cheyenne,017
Colorado,8003,Alamosa,003
Colorado,8011,Bent,011
Colorado,8005,Arapahoe,005
Colorado,8055,Huerfano,055
Colorado,8103,RioBlanco,103
Colorado,8025,Crowley,025
Colorado,8115,Sedgwick,115
Colorado,8109,Saguache,109
Colorado,8023,Costilla,023
Colorado,8093,Park,093
Colorado,8015,Chaffee,015
Colorado,8007,Archuleta,007
Colorado,8051,Gunnison,051
Colorado,8033,Dolores,033
Colorado,8049,Grand,049
Colorado,8027,Custer,027
Colorado,8037,Eagle,037
Colorado,8113,SanMiguel,113
Colorado,8057,Jackson,057
Colorado,8119,Teller,119
Colorado,8091,Ouray,091
Colorado,8097,Pitkin,097
Colorado,8065,Lake,065
Colorado,8117,Summit,117
Colorado,8031,Denver,031
Colorado,8047,Gilpin,047
Colorado,8053,Hinsdale,053
Colorado,8019,ClearCreek,019
Colorado,8079,Mineral,079
Colorado,8111,SanJuan,111
Colorado,8014,Broomfield,014
Connecticut,9005,Litchfield,005
Connecticut,9011,NewLondon,011
Connecticut,9003,Hartford,003
Connecticut,9015,Windham,015
Connecticut,9009,NewHaven,009
Connecticut,9013,Tolland,013
Connecticut,9007,Middlesex,007
Connecticut,9001,Fairfield,001
Delaware,10005,Sussex,005
Delaware,10001,Kent,001
Delaware,10003,NewCastle,003
Florida,12057,Hillsborough,057
Florida,12105,Polk,105
Florida,12083,Marion,083
Florida,12086,Miami-Dade,086
Florida,12069,Lake,069
Florida,12001,Alachua,001
Florida,12049,Hardee,049
Florida,12121,Suwannee,121
Florida,12127,Volusia,127
Florida,12101,Pasco,101
Florida,12063,Jackson,063
Florida,12095,Orange,095
Florida,12119,Sumter,119
Florida,12027,DeSoto,027
Florida,12059,Holmes,059
Florida,12081,Manatee,081
Florida,12023,Columbia,023
Florida,12099,PalmBeach,099
Florida,12055,Highlands,055
Florida,12033,Escambia,033
Florida,12079,Madison,079
Florida,12075,Levy,075
Florida,12097,Osceola,097
Florida,12113,SantaRosa,113
Florida,12071,Lee,071
Florida,12009,Brevard,009
Florida,12053,Hernando,053
Florida,12131,Walton,131
Florida,12107,Putnam,107
Florida,12031,Duval,031
Florida,12093,Okeechobee,093
Florida,12111,St.Lucie,111
Florida,12091,Okaloosa,091
Florida,12041,Gilchrist,041
Florida,12039,Gadsden,039
Florida,12007,Bradford,007
Florida,12061,IndianRiver,061
Florida,12133,Washington,133
Florida,12017,Citrus,017
Florida,12115,Sarasota,115
Florida,12117,Seminole,117
Florida,12089,Nassau,089
Florida,12065,Jefferson,065
Florida,12051,Hendry,051
Florida,12011,Broward,011
Florida,12073,Leon,073
Florida,12067,Lafayette,067
Florida,12047,Hamilton,047
Florida,12085,Martin,085
Florida,12019,Clay,019
Florida,12003,Baker,003
Florida,12125,Union,125
Florida,12043,Glades,043
Florida,12021,Collier,021
Florida,12015,Charlotte,015
Florida,12109,St.Johns,109
Florida,12013,Calhoun,013
Florida,12123,Taylor,123
Florida,12029,Dixie,029
Florida,12103,Pinellas,103
Florida,12129,Wakulla,129
Florida,12035,Flagler,035
Florida,12077,Liberty,077
Florida,12005,Bay,005
Florida,12045,Gulf,045
Florida,12087,Monroe,087
Florida,12037,Franklin,037
Georgia,13045,Carroll,045
Georgia,13157,Jackson,157
Georgia,13069,Coffee,069
Georgia,13119,Franklin,119
Georgia,13139,Hall,139
Georgia,13071,Colquitt,071
Georgia,13195,Madison,195
Georgia,13175,Laurens,175
Georgia,13129,Gordon,129
Georgia,13001,Appling,001
Georgia,13295,Walker,295
Georgia,13031,Bulloch,031
Georgia,13267,Tattnall,267
Georgia,13117,Forsyth,117
Georgia,13131,Grady,131
Georgia,13011,Banks,011
Georgia,13057,Cherokee,057
Georgia,13147,Hart,147
Georgia,13137,Habersham,137
Georgia,13019,Berrien,019
Georgia,13275,Thomas,275
Georgia,13321,Worth,321
Georgia,13115,Floyd,115
Georgia,13297,Walton,297
Georgia,13027,Brooks,027
Georgia,13205,Mitchell,205
Georgia,13313,Whitfield,313
Georgia,13091,Dodge,091
Georgia,13013,Barrow,013
Georgia,13015,Bartow,015
Georgia,13107,Emanuel,107
Georgia,13151,Henry,151
Georgia,13211,Morgan,211
Georgia,13135,Gwinnett,135
Georgia,13005,Bacon,005
Georgia,13229,Pierce,229
Georgia,13185,Lowndes,185
Georgia,13077,Coweta,077
Georgia,13277,Tift,277
Georgia,13155,Irwin,155
Georgia,13279,Toombs,279
Georgia,13087,Decatur,087
Georgia,13105,Elbert,105
Georgia,13317,Wilkes,317
Georgia,13233,Polk,233
Georgia,13221,Oglethorpe,221
Georgia,13299,Ware,299
Georgia,13033,Burke,033
Georgia,13219,Oconee,219
Georgia,13305,Wayne,305
Georgia,13311,White,311
Georgia,13099,Early,099
Georgia,13251,Screven,251
Georgia,13315,Wilcox,315
Georgia,13261,Sumter,261
Georgia,13303,Washington,303
Georgia,13271,Telfair,271
Georgia,13163,Jefferson,163
Georgia,13231,Pike,231
Georgia,13075,Cook,075
Georgia,13143,Haralson,143
Georgia,13291,Union,291
Georgia,13199,Meriwether,199
Georgia,13161,JeffDavis,161
Georgia,13201,Miller,201
Georgia,13287,Turner,287
Georgia,13055,Chattooga,055
Georgia,13047,Catoosa,047
Georgia,13285,Troup,285
Georgia,13217,Newton,217
Georgia,13025,Brantley,025
Georgia,13123,Gilmer,123
Georgia,13003,Atkinson,003
Georgia,13223,Paulding,223
Georgia,13193,Macon,193
Georgia,13043,Candler,043
Georgia,13121,Fulton,121
Georgia,13187,Lumpkin,187
Georgia,13167,Johnson,167
Georgia,13213,Murray,213
Georgia,13255,Spalding,255
Georgia,13145,Harris,145
Georgia,13209,Montgomery,209
Georgia,13189,McDuffie,189
Georgia,13113,Fayette,113
Georgia,13153,Houston,153
Georgia,13133,Greene,133
Georgia,13093,Dooly,093
Georgia,13159,Jasper,159
Georgia,13171,Lamar,171
Georgia,13023,Bleckley,023
Georgia,13083,Dade,083
Georgia,13227,Pickens,227
Georgia,13017,BenHill,017
Georgia,13081,Crisp,081
Georgia,13257,Stephens,257
Georgia,13103,Effingham,103
Georgia,13111,Fannin,111
Georgia,13273,Terrell,273
Georgia,13293,Upson,293
Georgia,13085,Dawson,085
Georgia,13253,Seminole,253
Georgia,13165,Jenkins,165
Georgia,13269,Taylor,269
Georgia,13207,Monroe,207
Georgia,13181,Lincoln,181
Georgia,13095,Dougherty,095
Georgia,13237,Putnam,237
Georgia,13309,Wheeler,309
Georgia,13149,Heard,149
Georgia,13169,Jones,169
Georgia,13109,Evans,109
Georgia,13073,Columbia,073
Georgia,13225,Peach,225
Georgia,13035,Butts,035
Georgia,13281,Towns,281
Georgia,13067,Cobb,067
Georgia,13197,Marion,197
Georgia,13301,Warren,301
Georgia,13241,Rabun,241
Georgia,13263,Talbot,263
Georgia,13021,Bibb,021
Georgia,13177,Lee,177
Georgia,13079,Crawford,079
Georgia,13247,Rockdale,247
Georgia,13283,Treutlen,283
Georgia,13007,Baker,007
Georgia,13235,Pulaski,235
Georgia,13009,Baldwin,009
Georgia,13243,Randolph,243
Georgia,13245,Richmond,245
Georgia,13289,Twiggs,289
Georgia,13141,Hancock,141
Georgia,13097,Douglas,097
Georgia,13173,Lanier,173
Georgia,13037,Calhoun,037
Georgia,13319,Wilkinson,319
Georgia,13249,Schley,249
Georgia,13259,Stewart,259
Georgia,13065,Clinch,065
Georgia,13101,Echols,101
Georgia,13049,Charlton,049
Georgia,13125,Glascock,125
Georgia,13307,Webster,307
Georgia,13265,Taliaferro,265
Georgia,13183,Long,183
Georgia,13059,Clarke,059
Georgia,13029,Bryan,029
Georgia,13063,Clayton,063
Georgia,13179,Liberty,179
Georgia,13039,Camden,039
Georgia,13089,DeKalb,089
Georgia,13215,Muscogee,215
Georgia,13061,Clay,061
Georgia,13127,Glynn,127
Georgia,13051,Chatham,051
Georgia,13191,McIntosh,191
Georgia,13239,Quitman,239
Georgia,13053,Chattahoochee,053
Hawaii,15001,Hawaii,001
Hawaii,15009,Maui,009
Hawaii,15003,Honolulu,003
Hawaii,15007,Kauai,007
Hawaii,15005,Kalawao,005
Idaho,16027,Canyon,027
Idaho,16083,TwinFalls,083
Idaho,16011,Bingham,011
Idaho,16001,Ada,001
Idaho,16053,Jerome,053
Idaho,16051,Jefferson,051
Idaho,16067,Minidoka,067
Idaho,16019,Bonneville,019
Idaho,16031,Cassia,031
Idaho,16047,Gooding,047
Idaho,16049,Idaho,049
Idaho,16041,Franklin,041
Idaho,16005,Bannock,005
Idaho,16057,Latah,057
Idaho,16055,Kootenai,055
Idaho,16075,Payette,075
Idaho,16045,Gem,045
Idaho,16073,Owyhee,073
Idaho,16017,Bonner,017
Idaho,16043,Fremont,043
Idaho,16065,Madison,065
Idaho,16087,Washington,087
Idaho,16007,BearLake,007
Idaho,16029,Caribou,029
Idaho,16069,NezPerce,069
Idaho,16059,Lemhi,059
Idaho,16071,Oneida,071
Idaho,16063,Lincoln,063
Idaho,16003,Adams,003
Idaho,16021,Boundary,021
Idaho,16039,Elmore,039
Idaho,16037,Custer,037
Idaho,16081,Teton,081
Idaho,16077,Power,077
Idaho,16035,Clearwater,035
Idaho,16013,Blaine,013
Idaho,16009,Benewah,009
Idaho,16023,Butte,023
Idaho,16061,Lewis,061
Idaho,16085,Valley,085
Idaho,16025,Camas,025
Idaho,16015,Boise,015
Idaho,16033,Clark,033
Idaho,16079,Shoshone,079
Illinois,17099,LaSalle,099
Illinois,17113,McLean,113
Illinois,17105,Livingston,105
Illinois,17001,Adams,001
Illinois,17075,Iroquois,075
Illinois,17019,Champaign,019
Illinois,17073,Henry,073
Illinois,17173,Shelby,173
Illinois,17119,Madison,119
Illinois,17117,Macoupin,117
Illinois,17011,Bureau,011
Illinois,17067,Hancock,067
Illinois,17051,Fayette,051
Illinois,17057,Fulton,057
Illinois,17177,Stephenson,177
Illinois,17183,Vermilion,183
Illinois,17195,Whiteside,195
Illinois,17049,Effingham,049
Illinois,17141,Ogle,141
Illinois,17135,Montgomery,135
Illinois,17191,Wayne,191
Illinois,17167,Sangamon,167
Illinois,17149,Pike,149
Illinois,17103,Lee,103
Illinois,17179,Tazewell,179
Illinois,17095,Knox,095
Illinois,17197,Will,197
Illinois,17143,Peoria,143
Illinois,17157,Randolph,157
Illinois,17027,Clinton,027
Illinois,17203,Woodford,203
Illinois,17163,St.Clair,163
Illinois,17081,Jefferson,081
Illinois,17085,JoDaviess,085
Illinois,17121,Marion,121
Illinois,17111,McHenry,111
Illinois,17091,Kankakee,091
Illinois,17109,McDonough,109
Illinois,17137,Morgan,137
Illinois,17037,DeKalb,037
Illinois,17021,Christian,021
Illinois,17045,Edgar,045
Illinois,17189,Washington,189
Illinois,17107,Logan,107
Illinois,17131,Mercer,131
Illinois,17079,Jasper,079
Illinois,17115,Macon,115
Illinois,17187,Warren,187
Illinois,17061,Greene,061
Illinois,17029,Coles,029
Illinois,17025,Clay,025
Illinois,17023,Clark,023
Illinois,17201,Winnebago,201
Illinois,17077,Jackson,077
Illinois,17035,Cumberland,035
Illinois,17041,Douglas,041
Illinois,17089,Kane,089
Illinois,17005,Bond,005
Illinois,17015,Carroll,015
Illinois,17161,RockIsland,161
Illinois,17053,Ford,053
Illinois,17199,Williamson,199
Illinois,17133,Monroe,133
Illinois,17159,Richland,159
Illinois,17033,Crawford,033
Illinois,17083,Jersey,083
Illinois,17055,Franklin,055
Illinois,17145,Perry,145
Illinois,17123,Marshall,123
Illinois,17007,Boone,007
Illinois,17147,Piatt,147
Illinois,17181,Union,181
Illinois,17125,Mason,125
Illinois,17093,Kendall,093
Illinois,17039,DeWitt,039
Illinois,17063,Grundy,063
Illinois,17139,Moultrie,139
Illinois,17169,Schuyler,169
Illinois,17013,Calhoun,013
Illinois,17065,Hamilton,065
Illinois,17071,Henderson,071
Illinois,17087,Johnson,087
Illinois,17165,Saline,165
Illinois,17127,Massac,127
Illinois,17193,White,193
Illinois,17017,Cass,017
Illinois,17129,Menard,129
Illinois,17009,Brown,009
Illinois,17101,Lawrence,101
Illinois,17175,Stark,175
Illinois,17047,Edwards,047
Illinois,17171,Scott,171
Illinois,17097,Lake,097
Illinois,17151,Pope,151
Illinois,17185,Wabash,185
Illinois,17059,Gallatin,059
Illinois,17153,Pulaski,153
Illinois,17031,Cook,031
Illinois,17155,Putnam,155
Illinois,17069,Hardin,069
Illinois,17003,Alexander,003
Illinois,17043,DuPage,043
Indiana,18039,Elkhart,039
Indiana,18087,LaGrange,087
Indiana,18003,Allen,003
Indiana,18061,Harrison,061
Indiana,18027,Daviess,027
Indiana,18001,Adams,001
Indiana,18085,Kosciusko,085
Indiana,18113,Noble,113
Indiana,18175,Washington,175
Indiana,18099,Marshall,099
Indiana,18055,Greene,055
Indiana,18137,Ripley,137
Indiana,18077,Jefferson,077
Indiana,18135,Randolph,135
Indiana,18093,Lawrence,093
Indiana,18075,Jay,075
Indiana,18065,Henry,065
Indiana,18071,Jackson,071
Indiana,18037,Dubois,037
Indiana,18133,Putnam,133
Indiana,18047,Franklin,047
Indiana,18017,Cass,017
Indiana,18091,LaPorte,091
Indiana,18063,Hendricks,063
Indiana,18141,St.Joseph,141
Indiana,18177,Wayne,177
Indiana,18095,Madison,095
Indiana,18029,Dearborn,029
Indiana,18183,Whitley,183
Indiana,18157,Tippecanoe,157
Indiana,18169,Wabash,169
Indiana,18103,Miami,103
Indiana,18145,Shelby,145
Indiana,18179,Wells,179
Indiana,18147,Spencer,147
Indiana,18107,Montgomery,107
Indiana,18035,Delaware,035
Indiana,18049,Fulton,049
Indiana,18051,Gibson,051
Indiana,18069,Huntington,069
Indiana,18079,Jennings,079
Indiana,18033,DeKalb,033
Indiana,18139,Rush,139
Indiana,18011,Boone,011
Indiana,18155,Switzerland,155
Indiana,18019,Clark,019
Indiana,18073,Jasper,073
Indiana,18119,Owen,119
Indiana,18181,White,181
Indiana,18031,Decatur,031
Indiana,18109,Morgan,109
Indiana,18045,Fountain,045
Indiana,18005,Bartholomew,005
Indiana,18053,Grant,053
Indiana,18131,Pulaski,131
Indiana,18059,Hancock,059
Indiana,18015,Carroll,015
Indiana,18023,Clinton,023
Indiana,18083,Knox,083
Indiana,18057,Hamilton,057
Indiana,18021,Clay,021
Indiana,18081,Johnson,081
Indiana,18153,Sullivan,153
Indiana,18105,Monroe,105
Indiana,18117,Orange,117
Indiana,18167,Vigo,167
Indiana,18067,Howard,067
Indiana,18123,Perry,123
Indiana,18151,Steuben,151
Indiana,18127,Porter,127
Indiana,18121,Parke,121
Indiana,18007,Benton,007
Indiana,18089,Lake,089
Indiana,18129,Posey,129
Indiana,18171,Warren,171
Indiana,18025,Crawford,025
Indiana,18041,Fayette,041
Indiana,18159,Tipton,159
Indiana,18149,Starke,149
Indiana,18173,Warrick,173
Indiana,18143,Scott,143
Indiana,18101,Martin,101
Indiana,18111,Newton,111
Indiana,18043,Floyd,043
Indiana,18125,Pike,125
Indiana,18165,Vermillion,165
Indiana,18163,Vanderburgh,163
Indiana,18115,Ohio,115
Indiana,18009,Blackford,009
Indiana,18161,Union,161
Indiana,18097,Marion,097
Indiana,18013,Brown,013
Iowa,19167,Sioux,167
Iowa,19149,Plymouth,149
Iowa,19109,Kossuth,109
Iowa,19061,Dubuque,061
Iowa,19113,Linn,113
Iowa,19043,Clayton,043
Iowa,19191,Winneshiek,191
Iowa,19065,Fayette,065
Iowa,19045,Clinton,045
Iowa,19155,Pottawattamie,155
Iowa,19055,Delaware,055
Iowa,19097,Jackson,097
Iowa,19011,Benton,011
Iowa,19193,Woodbury,193
Iowa,19171,Tama,171
Iowa,19047,Crawford,047
Iowa,19181,Warren,181
Iowa,19099,Jasper,099
Iowa,19027,Carroll,027
Iowa,19019,Buchanan,019
Iowa,19023,Butler,023
Iowa,19119,Lyon,119
Iowa,19103,Johnson,103
Iowa,19141,O'Brien,141
Iowa,19017,Bremer,017
Iowa,19165,Shelby,165
Iowa,19121,Madison,121
Iowa,19013,BlackHawk,013
Iowa,19187,Webster,187
Iowa,19105,Jones,105
Iowa,19123,Mahaska,123
Iowa,19031,Cedar,031
Iowa,19037,Chickasaw,037
Iowa,19077,Guthrie,077
Iowa,19125,Marion,125
Iowa,19005,Allamakee,005
Iowa,19095,Iowa,095
Iowa,19083,Hardin,083
Iowa,19035,Cherokee,035
Iowa,19183,Washington,183
Iowa,19081,Hancock,081
Iowa,19161,Sac,161
Iowa,19021,BuenaVista,021
Iowa,19051,Davis,051
Iowa,19151,Pocahontas,151
Iowa,19025,Calhoun,025
Iowa,19169,Story,169
Iowa,19107,Keokuk,107
Iowa,19049,Dallas,049
Iowa,19069,Franklin,069
Iowa,19085,Harrison,085
Iowa,19089,Howard,089
Iowa,19029,Cass,029
Iowa,19145,Page,145
Iowa,19157,Poweshiek,157
Iowa,19163,Scott,163
Iowa,19127,Marshall,127
Iowa,19007,Appanoose,007
Iowa,19079,Hamilton,079
Iowa,19001,Adair,001
Iowa,19067,Floyd,067
Iowa,19111,Lee,111
Iowa,19015,Boone,015
Iowa,19147,PaloAlto,147
Iowa,19075,Grundy,075
Iowa,19131,Mitchell,131
Iowa,19179,Wapello,179
Iowa,19197,Wright,197
Iowa,19153,Polk,153
Iowa,19073,Greene,073
Iowa,19133,Monona,133
Iowa,19033,CerroGordo,033
Iowa,19139,Muscatine,139
Iowa,19087,Henry,087
Iowa,19009,Audubon,009
Iowa,19173,Taylor,173
Iowa,19185,Wayne,185
Iowa,19101,Jefferson,101
Iowa,19177,VanBuren,177
Iowa,19041,Clay,041
Iowa,19039,Clarke,039
Iowa,19143,Osceola,143
Iowa,19093,Ida,093
Iowa,19135,Monroe,135
Iowa,19175,Union,175
Iowa,19091,Humboldt,091
Iowa,19159,Ringgold,159
Iowa,19057,DesMoines,057
Iowa,19053,Decatur,053
Iowa,19117,Lucas,117
Iowa,19195,Worth,195
Iowa,19003,Adams,003
Iowa,19189,Winnebago,189
Iowa,19137,Montgomery,137
Iowa,19063,Emmet,063
Iowa,19059,Dickinson,059
Iowa,19071,Fremont,071
Iowa,19129,Mills,129
Iowa,19115,Louisa,115
Kansas,20173,Sedgwick,173
Kansas,20155,Reno,155
Kansas,20015,Butler,015
Kansas,20113,McPherson,113
Kansas,20121,Miami,121
Kansas,20191,Sumner,191
Kansas,20131,Nemaha,131
Kansas,20103,Leavenworth,103
Kansas,20085,Jackson,085
Kansas,20115,Marion,115
Kansas,20087,Jefferson,087
Kansas,20117,Marshall,117
Kansas,20035,Cowley,035
Kansas,20099,Labette,099
Kansas,20125,Montgomery,125
Kansas,20059,Franklin,059
Kansas,20041,Dickinson,041
Kansas,20139,Osage,139
Kansas,20177,Shawnee,177
Kansas,20111,Lyon,111
Kansas,20201,Washington,201
Kansas,20045,Douglas,045
Kansas,20037,Crawford,037
Kansas,20011,Bourbon,011
Kansas,20149,Pottawatomie,149
Kansas,20021,Cherokee,021
Kansas,20095,Kingman,095
Kansas,20079,Harvey,079
Kansas,20107,Linn,107
Kansas,20009,Barton,009
Kansas,20157,Republic,157
Kansas,20133,Neosho,133
Kansas,20003,Anderson,003
Kansas,20051,Ellis,051
Kansas,20169,Saline,169
Kansas,20005,Atchison,005
Kansas,20089,Jewell,089
Kansas,20013,Brown,013
Kansas,20001,Allen,001
Kansas,20197,Wabaunsee,197
Kansas,20057,Ford,057
Kansas,20183,Smith,183
Kansas,20027,Clay,027
Kansas,20031,Coffey,031
Kansas,20091,Johnson,091
Kansas,20029,Cloud,029
Kansas,20073,Greenwood,073
Kansas,20135,Ness,135
Kansas,20205,Wilson,205
Kansas,20147,Phillips,147
Kansas,20141,Osborne,141
Kansas,20159,Rice,159
Kansas,20143,Ottawa,143
Kansas,20105,Lincoln,105
Kansas,20077,Harper,077
Kansas,20127,Morris,127
Kansas,20193,Thomas,193
Kansas,20043,Doniphan,043
Kansas,20123,Mitchell,123
Kansas,20167,Russell,167
Kansas,20165,Rush,165
Kansas,20185,Stafford,185
Kansas,20195,Trego,195
Kansas,20153,Rawlins,153
Kansas,20161,Riley,161
Kansas,20063,Gove,063
Kansas,20179,Sheridan,179
Kansas,20181,Sherman,181
Kansas,20007,Barber,007
Kansas,20053,Ellsworth,053
Kansas,20069,Gray,069
Kansas,20151,Pratt,151
Kansas,20163,Rooks,163
Kansas,20065,Graham,065
Kansas,20055,Finney,055
Kansas,20145,Pawnee,145
Kansas,20137,Norton,137
Kansas,20119,Meade,119
Kansas,20023,Cheyenne,023
Kansas,20019,Chautauqua,019
Kansas,20083,Hodgeman,083
Kansas,20207,Woodson,207
Kansas,20039,Decatur,039
Kansas,20049,Elk,049
Kansas,20109,Logan,109
Kansas,20047,Edwards,047
Kansas,20097,Kiowa,097
Kansas,20171,Scott,171
Kansas,20101,Lane,101
Kansas,20017,Chase,017
Kansas,20203,Wichita,203
Kansas,20199,Wallace,199
Kansas,20189,Stevens,189
Kansas,20093,Kearny,093
Kansas,20067,Grant,067
Kansas,20081,Haskell,081
Kansas,20061,Geary,061
Kansas,20175,Seward,175
Kansas,20033,Comanche,033
Kansas,20025,Clark,025
Kansas,20075,Hamilton,075
Kansas,20129,Morton,129
Kansas,20071,Greeley,071
Kansas,20187,Stanton,187
Kansas,20209,Wyandotte,209
Kentucky,21009,Barren,009
Kentucky,21199,Pulaski,199
Kentucky,21227,Warren,227
Kentucky,21093,Hardin,093
Kentucky,21085,Grayson,085
Kentucky,21099,Hart,099
Kentucky,21211,Shelby,211
Kentucky,21027,Breckinridge,027
Kentucky,21045,Casey,045
Kentucky,21001,Adair,001
Kentucky,21151,Madison,151
Kentucky,21137,Lincoln,137
Kentucky,21179,Nelson,179
Kentucky,21125,Laurel,125
Kentucky,21059,Daviess,059
Kentucky,21003,Allen,003
Kentucky,21141,Logan,141
Kentucky,21087,Green,087
Kentucky,21069,Fleming,069
Kentucky,21083,Graves,083
Kentucky,21047,Christian,047
Kentucky,21097,Harrison,097
Kentucky,21169,Metcalfe,169
Kentucky,21229,Washington,229
Kentucky,21081,Grant,081
Kentucky,21155,Marion,155
Kentucky,21217,Taylor,217
Kentucky,21207,Russell,207
Kentucky,21183,Ohio,183
Kentucky,21167,Mercer,167
Kentucky,21171,Monroe,171
Kentucky,21043,Carter,043
Kentucky,21103,Henry,103
Kentucky,21191,Pendleton,191
Kentucky,21079,Garrard,079
Kentucky,21163,Meade,163
Kentucky,21187,Owen,187
Kentucky,21049,Clark,049
Kentucky,21123,Larue,123
Kentucky,21209,Scott,209
Kentucky,21203,Rockcastle,203
Kentucky,21089,Greenup,089
Kentucky,21231,Wayne,231
Kentucky,21017,Bourbon,017
Kentucky,21135,Lewis,135
Kentucky,21109,Jackson,109
Kentucky,21011,Bath,011
Kentucky,21161,Mason,161
Kentucky,21175,Morgan,175
Kentucky,21015,Boone,015
Kentucky,21113,Jessamine,113
Kentucky,21005,Anderson,005
Kentucky,21061,Edmonson,061
Kentucky,21053,Clinton,053
Kentucky,21035,Calloway,035
Kentucky,21173,Montgomery,173
Kentucky,21021,Boyle,021
Kentucky,21073,Franklin,073
Kentucky,21023,Bracken,023
Kentucky,21067,Fayette,067
Kentucky,21031,Butler,031
Kentucky,21219,Todd,219
Kentucky,21057,Cumberland,057
Kentucky,21181,Nicholas,181
Kentucky,21239,Woodford,239
Kentucky,21029,Bullitt,029
Kentucky,21177,Muhlenberg,177
Kentucky,21157,Marshall,157
Kentucky,21107,Hopkins,107
Kentucky,21215,Spencer,215
Kentucky,21063,Elliott,063
Kentucky,21223,Trimble,223
Kentucky,21101,Henderson,101
Kentucky,21213,Simpson,213
Kentucky,21111,Jefferson,111
Kentucky,21037,Campbell,037
Kentucky,21033,Caldwell,033
Kentucky,21051,Clay,051
Kentucky,21055,Crittenden,055
Kentucky,21205,Rowan,205
Kentucky,21117,Kenton,117
Kentucky,21091,Hancock,091
Kentucky,21065,Estill,065
Kentucky,21237,Wolfe,237
Kentucky,21007,Ballard,007
Kentucky,21233,Webster,233
Kentucky,21153,Magoffin,153
Kentucky,21149,McLean,149
Kentucky,21145,McCracken,145
Kentucky,21185,Oldham,185
Kentucky,21121,Knox,121
Kentucky,21165,Menifee,165
Kentucky,21235,Whitley,235
Kentucky,21221,Trigg,221
Kentucky,21139,Livingston,139
Kentucky,21127,Lawrence,127
Kentucky,21041,Carroll,041
Kentucky,21189,Owsley,189
Kentucky,21039,Carlisle,039
Kentucky,21225,Union,225
Kentucky,21201,Robertson,201
Kentucky,21025,Breathitt,025
Kentucky,21077,Gallatin,077
Kentucky,21197,Powell,197
Kentucky,21143,Lyon,143
Kentucky,21115,Johnson,115
Kentucky,21105,Hickman,105
Kentucky,21019,Boyd,019
Kentucky,21129,Lee,129
Kentucky,21075,Fulton,075
Kentucky,21147,McCreary,147
Kentucky,21071,Floyd,071
Kentucky,21013,Bell,013
Kentucky,21195,Pike,195
Kentucky,21193,Perry,193
Kentucky,21119,Knott,119
Kentucky,21133,Letcher,133
Kentucky,21095,Harlan,095
Kentucky,21159,Martin,159
Kentucky,21131,Leslie,131
Louisiana,22113,Vermilion,113
Louisiana,22097,St.Landry,097
Louisiana,22105,Tangipahoa,105
Louisiana,22009,Avoyelles,009
Louisiana,22041,Franklin,041
Louisiana,22079,Rapides,079
Louisiana,22117,Washington,117
Louisiana,22011,Beauregard,011
Louisiana,22019,Calcasieu,019
Louisiana,22055,Lafayette,055
Louisiana,22001,Acadia,001
Louisiana,22039,Evangeline,039
Louisiana,22031,DeSoto,031
Louisiana,22069,Natchitoches,069
Louisiana,22033,EastBatonRouge,033
Louisiana,22083,Richland,083
Louisiana,22053,JeffersonDavis,053
Louisiana,22115,Vernon,115
Louisiana,22123,WestCarroll,123
Louisiana,22037,EastFeliciana,037
Louisiana,22023,Cameron,023
Louisiana,22017,Caddo,017
Louisiana,22111,Union,111
Louisiana,22085,Sabine,085
Louisiana,22103,St.Tammany,103
Louisiana,22077,PointeCoupee,077
Louisiana,22025,Catahoula,025
Louisiana,22063,Livingston,063
Louisiana,22119,Webster,119
Louisiana,22015,Bossier,015
Louisiana,22003,Allen,003
Louisiana,22091,St.Helena,091
Louisiana,22045,Iberia,045
Louisiana,22057,Lafourche,057
Louisiana,22073,Ouachita,073
Louisiana,22067,Morehouse,067
Louisiana,22005,Ascension,005
Louisiana,22061,Lincoln,061
Louisiana,22029,Concordia,029
Louisiana,22065,Madison,065
Louisiana,22013,Bienville,013
Louisiana,22099,St.Martin,099
Louisiana,22027,Claiborne,027
Louisiana,22021,Caldwell,021
Louisiana,22081,RedRiver,081
Louisiana,22043,Grant,043
Louisiana,22107,Tensas,107
Louisiana,22059,LaSalle,059
Louisiana,22035,EastCarroll,035
Louisiana,22049,Jackson,049
Louisiana,22125,WestFeliciana,125
Louisiana,22127,Winn,127
Louisiana,22047,Iberville,047
Louisiana,22075,Plaquemines,075
Louisiana,22109,Terrebonne,109
Louisiana,22121,WestBatonRouge,121
Louisiana,22101,St.Mary,101
Louisiana,22089,St.Charles,089
Louisiana,22051,Jefferson,051
Louisiana,22007,Assumption,007
Louisiana,22093,St.James,093
Louisiana,22087,St.Bernard,087
Louisiana,22095,St.JohntheBaptist,095
Louisiana,22071,Orleans,071
Maine,23003,Aroostook,003
Maine,23019,Penobscot,019
Maine,23011,Kennebec,011
Maine,23031,York,031
Maine,23025,Somerset,025
Maine,23005,Cumberland,005
Maine,23029,Washington,029
Maine,23017,Oxford,017
Maine,23027,Waldo,027
Maine,23009,Hancock,009
Maine,23001,Androscoggin,001
Maine,23013,Knox,013
Maine,23015,Lincoln,015
Maine,23007,Franklin,007
Maine,23021,Piscataquis,021
Maine,23023,Sagadahoc,023
Maryland,24021,Frederick,021
Maryland,24013,Carroll,013
Maryland,24043,Washington,043
Maryland,24005,Baltimore,005
Maryland,24037,St.Mary's,037
Maryland,24025,Harford,025
Maryland,24045,Wicomico,045
Maryland,24023,Garrett,023
Maryland,24011,Caroline,011
Maryland,24033,PrinceGeorge's,033
Maryland,24031,Montgomery,031
Maryland,24017,Charles,017
Maryland,24003,AnneArundel,003
Maryland,24047,Worcester,047
Maryland,24015,Cecil,015
Maryland,24009,Calvert,009
Maryland,24035,QueenAnne's,035
Maryland,24027,Howard,027
Maryland,24039,Somerset,039
Maryland,24019,Dorchester,019
Maryland,24029,Kent,029
Maryland,24001,Allegany,001
Maryland,24041,Talbot,041
Maryland,24510,Baltimorecity,510
Massachusetts,25027,Worcester,027
Massachusetts,25023,Plymouth,023
Massachusetts,25015,Hampshire,015
Massachusetts,25005,Bristol,005
Massachusetts,25011,Franklin,011
Massachusetts,25017,Middlesex,017
Massachusetts,25013,Hampden,013
Massachusetts,25003,Berkshire,003
Massachusetts,25009,Essex,009
Massachusetts,25021,Norfolk,021
Massachusetts,25001,Barnstable,001
Massachusetts,25007,Dukes,007
Massachusetts,25019,Nantucket,019
Massachusetts,25025,Suffolk,025
Michigan,26151,Sanilac,151
Michigan,26005,Allegan,005
Michigan,26021,Berrien,021
Michigan,26063,Huron,063
Michigan,26145,Saginaw,145
Michigan,26139,Ottawa,139
Michigan,26091,Lenawee,091
Michigan,26037,Clinton,037
Michigan,26115,Monroe,115
Michigan,26159,VanBuren,159
Michigan,26081,Kent,081
Michigan,26155,Shiawassee,155
Michigan,26087,Lapeer,087
Michigan,26045,Eaton,045
Michigan,26025,Calhoun,025
Michigan,26157,Tuscola,157
Michigan,26147,St.Clair,147
Michigan,26161,Washtenaw,161
Michigan,26059,Hillsdale,059
Michigan,26075,Jackson,075
Michigan,26067,Ionia,067
Michigan,26023,Branch,023
Michigan,26117,Montcalm,117
Michigan,26057,Gratiot,057
Michigan,26073,Isabella,073
Michigan,26149,St.Joseph,149
Michigan,26015,Barry,015
Michigan,26049,Genesee,049
Michigan,26065,Ingham,065
Michigan,26017,Bay,017
Michigan,26027,Cass,027
Michigan,26077,Kalamazoo,077
Michigan,26093,Livingston,093
Michigan,26123,Newaygo,123
Michigan,26107,Mecosta,107
Michigan,26127,Oceana,127
Michigan,26099,Macomb,099
Michigan,26133,Osceola,133
Michigan,26125,Oakland,125
Michigan,26111,Midland,111
Michigan,26051,Gladwin,051
Michigan,26121,Muskegon,121
Michigan,26007,Alpena,007
Michigan,26105,Mason,105
Michigan,26055,GrandTraverse,055
Michigan,26033,Chippewa,033
Michigan,26089,Leelanau,089
Michigan,26109,Menominee,109
Michigan,26035,Clare,035
Michigan,26011,Arenac,011
Michigan,26113,Missaukee,113
Michigan,26141,PresqueIsle,141
Michigan,26163,Wayne,163
Michigan,26129,Ogemaw,129
Michigan,26101,Manistee,101
Michigan,26009,Antrim,009
Michigan,26041,Delta,041
Michigan,26001,Alcona,001
Michigan,26069,Iosco,069
Michigan,26029,Charlevoix,029
Michigan,26047,Emmet,047
Michigan,26165,Wexford,165
Michigan,26031,Cheboygan,031
Michigan,26061,Houghton,061
Michigan,26137,Otsego,137
Michigan,26019,Benzie,019
Michigan,26119,Montmorency,119
Michigan,26085,Lake,085
Michigan,26131,Ontonagon,131
Michigan,26043,Dickinson,043
Michigan,26103,Marquette,103
Michigan,26135,Oscoda,135
Michigan,26079,Kalkaska,079
Michigan,26071,Iron,071
Michigan,26097,Mackinac,097
Michigan,26013,Baraga,013
Michigan,26003,Alger,003
Michigan,26153,Schoolcraft,153
Michigan,26053,Gogebic,053
Michigan,26143,Roscommon,143
Michigan,26095,Luce,095
Michigan,26039,Crawford,039
Michigan,26083,Keweenaw,083
Minnesota,27145,Stearns,145
Minnesota,27111,OtterTail,111
Minnesota,27153,Todd,153
Minnesota,27097,Morrison,097
Minnesota,27171,Wright,171
Minnesota,27045,Fillmore,045
Minnesota,27049,Goodhue,049
Minnesota,27129,Renville,129
Minnesota,27127,Redwood,127
Minnesota,27109,Olmsted,109
Minnesota,27105,Nobles,105
Minnesota,27099,Mower,099
Minnesota,27015,Brown,015
Minnesota,27047,Freeborn,047
Minnesota,27085,McLeod,085
Minnesota,27119,Polk,119
Minnesota,27067,Kandiyohi,067
Minnesota,27131,Rice,131
Minnesota,27013,BlueEarth,013
Minnesota,27091,Martin,091
Minnesota,27093,Meeker,093
Minnesota,27143,Sibley,143
Minnesota,27005,Becker,005
Minnesota,27169,Winona,169
Minnesota,27115,Pine,115
Minnesota,27041,Douglas,041
Minnesota,27043,Faribault,043
Minnesota,27063,Jackson,063
Minnesota,27089,Marshall,089
Minnesota,27083,Lyon,083
Minnesota,27055,Houston,055
Minnesota,27173,YellowMedicine,173
Minnesota,27157,Wabasha,157
Minnesota,27073,LacquiParle,073
Minnesota,27101,Murray,101
Minnesota,27009,Benton,009
Minnesota,27135,Roseau,135
Minnesota,27019,Carver,019
Minnesota,27033,Cottonwood,033
Minnesota,27079,LeSueur,079
Minnesota,27139,Scott,139
Minnesota,27037,Dakota,037
Minnesota,27147,Steele,147
Minnesota,27025,Chisago,025
Minnesota,27117,Pipestone,117
Minnesota,27121,Pope,121
Minnesota,27133,Rock,133
Minnesota,27095,MilleLacs,095
Minnesota,27027,Clay,027
Minnesota,27151,Swift,151
Minnesota,27103,Nicollet,103
Minnesota,27161,Waseca,161
Minnesota,27039,Dodge,039
Minnesota,27059,Isanti,059
Minnesota,27081,Lincoln,081
Minnesota,27137,St.Louis,137
Minnesota,27023,Chippewa,023
Minnesota,27065,Kanabec,065
Minnesota,27165,Watonwan,165
Minnesota,27007,Beltrami,007
Minnesota,27053,Hennepin,053
Minnesota,27163,Washington,163
Minnesota,27021,Cass,021
Minnesota,27159,Wadena,159
Minnesota,27029,Clearwater,029
Minnesota,27001,Aitkin,001
Minnesota,27107,Norman,107
Minnesota,27017,Carlton,017
Minnesota,27149,Stevens,149
Minnesota,27035,CrowWing,035
Minnesota,27003,Anoka,003
Minnesota,27141,Sherburne,141
Minnesota,27051,Grant,051
Minnesota,27113,Pennington,113
Minnesota,27167,Wilkin,167
Minnesota,27011,BigStone,011
Minnesota,27061,Itasca,061
Minnesota,27069,Kittson,069
Minnesota,27057,Hubbard,057
Minnesota,27155,Traverse,155
Minnesota,27087,Mahnomen,087
Minnesota,27125,RedLake,125
Minnesota,27071,Koochiching,071
Minnesota,27077,LakeoftheWoods,077
Minnesota,27075,Lake,075
Minnesota,27123,Ramsey,123
Minnesota,27031,Cook,031
Mississippi,28067,Jones,067
Mississippi,28049,Hinds,049
Mississippi,28099,Neshoba,099
Mississippi,28129,Smith,129
Mississippi,28123,Scott,123
Mississippi,28079,Leake,079
Mississippi,28101,Newton,101
Mississippi,28127,Simpson,127
Mississippi,28147,Walthall,147
Mississippi,28109,PearlRiver,109
Mississippi,28115,Pontotoc,115
Mississippi,28139,Tippah,139
Mississippi,28107,Panola,107
Mississippi,28085,Lincoln,085
Mississippi,28145,Union,145
Mississippi,28121,Rankin,121
Mississippi,28137,Tate,137
Mississippi,28081,Lee,081
Mississippi,28093,Marshall,093
Mississippi,28091,Marion,091
Mississippi,28029,Copiah,029
Mississippi,28159,Winston,159
Mississippi,28031,Covington,031
Mississippi,28095,Monroe,095
Mississippi,28113,Pike,113
Mississippi,28033,DeSoto,033
Mississippi,28153,Wayne,153
Mississippi,28005,Amite,005
Mississippi,28163,Yazoo,163
Mississippi,28017,Chickasaw,017
Mississippi,28065,JeffersonDavis,065
Mississippi,28089,Madison,089
Mississippi,28075,Lauderdale,075
Mississippi,28057,Itawamba,057
Mississippi,28103,Noxubee,103
Mississippi,28061,Jasper,061
Mississippi,28069,Kemper,069
Mississippi,28007,Attala,007
Mississippi,28003,Alcorn,003
Mississippi,28039,George,039
Mississippi,28013,Calhoun,013
Mississippi,28051,Holmes,051
Mississippi,28015,Carroll,015
Mississippi,28117,Prentiss,117
Mississippi,28073,Lamar,073
Mississippi,28071,Lafayette,071
Mississippi,28025,Clay,025
Mississippi,28105,Oktibbeha,105
Mississippi,28087,Lowndes,087
Mississippi,28135,Tallahatchie,135
Mississippi,28023,Clarke,023
Mississippi,28041,Greene,041
Mississippi,28077,Lawrence,077
Mississippi,28097,Montgomery,097
Mississippi,28011,Bolivar,011
Mississippi,28141,Tishomingo,141
Mississippi,28047,Harrison,047
Mississippi,28161,Yalobusha,161
Mississippi,28155,Webster,155
Mississippi,28059,Jackson,059
Mississippi,28035,Forrest,035
Mississippi,28111,Perry,111
Mississippi,28133,Sunflower,133
Mississippi,28131,Stone,131
Mississippi,28043,Grenada,043
Mississippi,28009,Benton,009
Mississippi,28019,Choctaw,019
Mississippi,28157,Wilkinson,157
Mississippi,28045,Hancock,045
Mississippi,28037,Franklin,037
Mississippi,28151,Washington,151
Mississippi,28021,Claiborne,021
Mississippi,28063,Jefferson,063
Mississippi,28053,Humphreys,053
Mississippi,28119,Quitman,119
Mississippi,28083,Leflore,083
Mississippi,28149,Warren,149
Mississippi,28027,Coahoma,027
Mississippi,28001,Adams,001
Mississippi,28055,Issaquena,055
Mississippi,28143,Tunica,143
Mississippi,28125,Sharkey,125
Missouri,29077,Greene,077
Missouri,29091,Howell,091
Missouri,29109,Lawrence,109
Missouri,29145,Newton,145
Missouri,29167,Polk,167
Missouri,29009,Barry,009
Missouri,29215,Texas,215
Missouri,29225,Webster,225
Missouri,29071,Franklin,071
Missouri,29101,Johnson,101
Missouri,29037,Cass,037
Missouri,29229,Wright,229
Missouri,29097,Jasper,097
Missouri,29043,Christian,043
Missouri,29105,Laclede,105
Missouri,29027,Callaway,027
Missouri,29147,Nodaway,147
Missouri,29107,Lafayette,107
Missouri,29159,Pettis,159
Missouri,29217,Vernon,217
Missouri,29019,Boone,019
Missouri,29067,Douglas,067
Missouri,29013,Bates,013
Missouri,29031,CapeGirardeau,031
Missouri,29151,Osage,151
Missouri,29059,Dallas,059
Missouri,29121,Macon,121
Missouri,29131,Miller,131
Missouri,29119,McDonald,119
Missouri,29135,Moniteau,135
Missouri,29051,Cole,051
Missouri,29177,Ray,177
Missouri,29007,Audrain,007
Missouri,29041,Chariton,041
Missouri,29113,Lincoln,113
Missouri,29083,Henry,083
Missouri,29207,Stoddard,207
Missouri,29163,Pike,163
Missouri,29033,Carroll,033
Missouri,29141,Morgan,141
Missouri,29157,Perry,157
Missouri,29195,Saline,195
Missouri,29057,Dade,057
Missouri,29015,Benton,015
Missouri,29039,Cedar,039
Missouri,29011,Barton,011
Missouri,29053,Cooper,053
Missouri,29125,Maries,125
Missouri,29003,Andrew,003
Missouri,29153,Ozark,153
Missouri,29025,Caldwell,025
Missouri,29061,Daviess,061
Missouri,29115,Linn,115
Missouri,29073,Gasconade,073
Missouri,29137,Monroe,137
Missouri,29081,Harrison,081
Missouri,29149,Oregon,149
Missouri,29017,Bollinger,017
Missouri,29001,Adair,001
Missouri,29211,Sullivan,211
Missouri,29175,Randolph,175
Missouri,29023,Butler,023
Missouri,29095,Jackson,095
Missouri,29185,St.Clair,185
Missouri,29209,Stone,209
Missouri,29063,DeKalb,063
Missouri,29065,Dent,065
Missouri,29161,Phelps,161
Missouri,29117,Livingston,117
Missouri,29021,Buchanan,021
Missouri,29049,Clinton,049
Missouri,29139,Montgomery,139
Missouri,29187,St.Francois,187
Missouri,29055,Crawford,055
Missouri,29183,St.Charles,183
Missouri,29127,Marion,127
Missouri,29099,Jefferson,099
Missouri,29089,Howard,089
Missouri,29047,Clay,047
Missouri,29165,Platte,165
Missouri,29111,Lewis,111
Missouri,29205,Shelby,205
Missouri,29079,Grundy,079
Missouri,29045,Clark,045
Missouri,29029,Camden,029
Missouri,29186,Ste.Genevieve,186
Missouri,29075,Gentry,075
Missouri,29171,Putnam,171
Missouri,29103,Knox,103
Missouri,29085,Hickory,085
Missouri,29173,Ralls,173
Missouri,29199,Scotland,199
Missouri,29219,Warren,219
Missouri,29213,Taney,213
Missouri,29169,Pulaski,169
Missouri,29069,Dunklin,069
Missouri,29201,Scott,201
Missouri,29197,Schuyler,197
Missouri,29181,Ripley,181
Missouri,29129,Mercer,129
Missouri,29221,Washington,221
Missouri,29203,Shannon,203
Missouri,29087,Holt,087
Missouri,29005,Atchison,005
Missouri,29143,NewMadrid,143
Missouri,29123,Madison,123
Missouri,29223,Wayne,223
Missouri,29227,Worth,227
Missouri,29155,Pemiscot,155
Missouri,29179,Reynolds,179
Missouri,29093,Iron,093
Missouri,29189,St.Louis,189
Missouri,29133,Mississippi,133
Missouri,29035,Carter,035
Missouri,29510,St.Louiscity,510
Montana,30081,Ravalli,081
Montana,30047,Lake,047
Montana,30111,Yellowstone,111
Montana,30029,Flathead,029
Montana,30027,Fergus,027
Montana,30031,Gallatin,031
Montana,30013,Cascade,013
Montana,30009,Carbon,009
Montana,30105,Valley,105
Montana,30015,Chouteau,015
Montana,30085,Roosevelt,085
Montana,30041,Hill,041
Montana,30099,Teton,099
Montana,30005,Blaine,005
Montana,30083,Richland,083
Montana,30091,Sheridan,091
Montana,30063,Missoula,063
Montana,30049,LewisandClark,049
Montana,30003,BigHorn,003
Montana,30071,Phillips,071
Montana,30021,Dawson,021
Montana,30095,Stillwater,095
Montana,30089,Sanders,089
Montana,30035,Glacier,035
Montana,30073,Pondera,073
Montana,30017,Custer,017
Montana,30057,Madison,057
Montana,30055,McCone,055
Montana,30067,Park,067
Montana,30019,Daniels,019
Montana,30045,JudithBasin,045
Montana,30087,Rosebud,087
Montana,30011,Carter,011
Montana,30101,Toole,101
Montana,30097,SweetGrass,097
Montana,30025,Fallon,025
Montana,30075,PowderRiver,075
Montana,30001,Beaverhead,001
Montana,30065,Musselshell,065
Montana,30053,Lincoln,053
Montana,30077,Powell,077
Montana,30043,Jefferson,043
Montana,30033,Garfield,033
Montana,30007,Broadwater,007
Montana,30109,Wibaux,109
Montana,30079,Prairie,079
Montana,30051,Liberty,051
Montana,30107,Wheatland,107
Montana,30039,Granite,039
Montana,30059,Meagher,059
Montana,30093,SilverBow,093
Montana,30037,GoldenValley,037
Montana,30103,Treasure,103
Montana,30069,Petroleum,069
Montana,30061,Mineral,061
Montana,30023,DeerLodge,023
Montana,30113,YellowstoneNationalPark,113
Nebraska,31109,Lancaster,109
Nebraska,31041,Custer,041
Nebraska,31155,Saunders,155
Nebraska,31089,Holt,089
Nebraska,31067,Gage,067
Nebraska,31107,Knox,107
Nebraska,31141,Platte,141
Nebraska,31019,Buffalo,019
Nebraska,31027,Cedar,027
Nebraska,31039,Cuming,039
Nebraska,31111,Lincoln,111
Nebraska,31159,Seward,159
Nebraska,31003,Antelope,003
Nebraska,31119,Madison,119
Nebraska,31131,Otoe,131
Nebraska,31053,Dodge,053
Nebraska,31023,Butler,023
Nebraska,31011,Boone,011
Nebraska,31151,Saline,151
Nebraska,31139,Pierce,139
Nebraska,31185,York,185
Nebraska,31047,Dawson,047
Nebraska,31079,Hall,079
Nebraska,31025,Cass,025
Nebraska,31037,Colfax,037
Nebraska,31157,ScottsBluff,157
Nebraska,31147,Richardson,147
Nebraska,31177,Washington,177
Nebraska,31093,Howard,093
Nebraska,31095,Jefferson,095
Nebraska,31001,Adams,001
Nebraska,31179,Wayne,179
Nebraska,31081,Hamilton,081
Nebraska,31169,Thayer,169
Nebraska,31051,Dixon,051
Nebraska,31121,Merrick,121
Nebraska,31033,Cheyenne,033
Nebraska,31059,Fillmore,059
Nebraska,31161,Sheridan,161
Nebraska,31143,Polk,143
Nebraska,31031,Cherry,031
Nebraska,31167,Stanton,167
Nebraska,31035,Clay,035
Nebraska,31021,Burt,021
Nebraska,31129,Nuckolls,129
Nebraska,31013,BoxButte,013
Nebraska,31097,Johnson,097
Nebraska,31127,Nemaha,127
Nebraska,31163,Sherman,163
Nebraska,31137,Phelps,137
Nebraska,31175,Valley,175
Nebraska,31099,Kearney,099
Nebraska,31135,Perkins,135
Nebraska,31181,Webster,181
Nebraska,31065,Furnas,065
Nebraska,31133,Pawnee,133
Nebraska,31125,Nance,125
Nebraska,31045,Dawes,045
Nebraska,31123,Morrill,123
Nebraska,31061,Franklin,061
Nebraska,31015,Boyd,015
Nebraska,31077,Greeley,077
Nebraska,31063,Frontier,063
Nebraska,31145,RedWillow,145
Nebraska,31173,Thurston,173
Nebraska,31083,Harlan,083
Nebraska,31087,Hitchcock,087
Nebraska,31153,Sarpy,153
Nebraska,31055,Douglas,055
Nebraska,31029,Chase,029
Nebraska,31017,Brown,017
Nebraska,31101,Keith,101
Nebraska,31165,Sioux,165
Nebraska,31043,Dakota,043
Nebraska,31105,Kimball,105
Nebraska,31057,Dundy,057
Nebraska,31149,Rock,149
Nebraska,31069,Garden,069
Nebraska,31073,Gosper,073
Nebraska,31085,Hayes,085
Nebraska,31049,Deuel,049
Nebraska,31071,Garfield,071
Nebraska,31103,KeyaPaha,103
Nebraska,31183,Wheeler,183
Nebraska,31007,Banner,007
Nebraska,31113,Logan,113
Nebraska,31115,Loup,115
Nebraska,31117,McPherson,117
Nebraska,31009,Blaine,009
Nebraska,31171,Thomas,171
Nebraska,31091,Hooker,091
Nebraska,31005,Arthur,005
Nebraska,31075,Grant,075
Nevada,32001,Churchill,001
Nevada,32007,Elko,007
Nevada,32031,Washoe,031
Nevada,32019,Lyon,019
Nevada,32003,Clark,003
Nevada,32013,Humboldt,013
Nevada,32005,Douglas,005
Nevada,32023,Nye,023
Nevada,32027,Pershing,027
Nevada,32017,Lincoln,017
Nevada,32033,WhitePine,033
Nevada,32015,Lander,015
Nevada,32011,Eureka,011
Nevada,32021,Mineral,021
Nevada,32510,CarsonCitycity,510
Nevada,32009,Esmeralda,009
Nevada,32029,Storey,029
New Hampshire,33009,Grafton,009
New Hampshire,33013,Merrimack,013
New Hampshire,33015,Rockingham,015
New Hampshire,33011,Hillsborough,011
New Hampshire,33005,Cheshire,005
New Hampshire,33017,Strafford,017
New Hampshire,33019,Sullivan,019
New Hampshire,33007,Coos,007
New Hampshire,33003,Carroll,003
New Hampshire,33001,Belknap,001
New Jersey,34019,Hunterdon,019
New Jersey,34037,Sussex,037
New Jersey,34005,Burlington,005
New Jersey,34025,Monmouth,025
New Jersey,34033,Salem,033
New Jersey,34015,Gloucester,015
New Jersey,34041,Warren,041
New Jersey,34011,Cumberland,011
New Jersey,34035,Somerset,035
New Jersey,34027,Morris,027
New Jersey,34001,Atlantic,001
New Jersey,34021,Mercer,021
New Jersey,34029,Ocean,029
New Jersey,34023,Middlesex,023
New Jersey,34007,Camden,007
New Jersey,34009,CapeMay,009
New Jersey,34003,Bergen,003
New Jersey,34031,Passaic,031
New Jersey,34013,Essex,013
New Jersey,34039,Union,039
New Jersey,34017,Hudson,017
New Mexico,35013,DonaAna,013
New Mexico,35039,RioArriba,039
New Mexico,35041,Roosevelt,041
New Mexico,35047,SanMiguel,047
New Mexico,35045,SanJuan,045
New Mexico,35061,Valencia,061
New Mexico,35037,Quay,037
New Mexico,35009,Curry,009
New Mexico,35005,Chaves,005
New Mexico,35025,Lea,025
New Mexico,35001,Bernalillo,001
New Mexico,35057,Torrance,057
New Mexico,35035,Otero,035
New Mexico,35055,Taos,055
New Mexico,35015,Eddy,015
New Mexico,35059,Union,059
New Mexico,35033,Mora,033
New Mexico,35053,Socorro,053
New Mexico,35027,Lincoln,027
New Mexico,35043,Sandoval,043
New Mexico,35049,SantaFe,049
New Mexico,35017,Grant,017
New Mexico,35019,Guadalupe,019
New Mexico,35007,Colfax,007
New Mexico,35003,Catron,003
New Mexico,35031,McKinley,031
New Mexico,35006,Cibola,006
New Mexico,35021,Harding,021
New Mexico,35011,DeBaca,011
New Mexico,35051,Sierra,051
New Mexico,35029,Luna,029
New Mexico,35023,Hidalgo,023
New Mexico,35028,LosAlamos,028
New York,36013,Chautauqua,013
New York,36089,St.Lawrence,089
New York,36101,Steuben,101
New York,36065,Oneida,065
New York,36029,Erie,029
New York,36009,Cattaraugus,009
New York,36045,Jefferson,045
New York,36117,Wayne,117
New York,36077,Otsego,077
New York,36011,Cayuga,011
New York,36017,Chenango,017
New York,36063,Niagara,063
New York,36121,Wyoming,121
New York,36003,Allegany,003
New York,36075,Oswego,075
New York,36115,Washington,115
New York,36025,Delaware,025
New York,36069,Ontario,069
New York,36053,Madison,053
New York,36049,Lewis,049
New York,36043,Herkimer,043
New York,36123,Yates,123
New York,36051,Livingston,051
New York,36067,Onondaga,067
New York,36071,Orange,071
New York,36057,Montgomery,057
New York,36107,Tioga,107
New York,36007,Broome,007
New York,36037,Genesee,037
New York,36095,Schoharie,095
New York,36033,Franklin,033
New York,36023,Cortland,023
New York,36019,Clinton,019
New York,36055,Monroe,055
New York,36073,Orleans,073
New York,36091,Saratoga,091
New York,36083,Rensselaer,083
New York,36027,Dutchess,027
New York,36109,Tompkins,109
New York,36021,Columbia,021
New York,36103,Suffolk,103
New York,36111,Ulster,111
New York,36001,Albany,001
New York,36099,Seneca,099
New York,36097,Schuyler,097
New York,36015,Chemung,015
New York,36105,Sullivan,105
New York,36039,Greene,039
New York,36031,Essex,031
New York,36035,Fulton,035
New York,36093,Schenectady,093
New York,36119,Westchester,119
New York,36113,Warren,113
New York,36079,Putnam,079
New York,36059,Nassau,059
New York,36087,Rockland,087
New York,36041,Hamilton,041
New York,36047,Kings,047
New York,36085,Richmond,085
New York,36005,Bronx,005
New York,36061,NewYork,061
New York,36081,Queens,081
North Carolina,37101,Johnston,101
North Carolina,37061,Duplin,061
North Carolina,37151,Randolph,151
North Carolina,37171,Surry,171
North Carolina,37163,Sampson,163
North Carolina,37115,Madison,115
North Carolina,37193,Wilkes,193
North Carolina,37097,Iredell,097
North Carolina,37047,Columbus,047
North Carolina,37155,Robeson,155
North Carolina,37021,Buncombe,021
North Carolina,37169,Stokes,169
North Carolina,37179,Union,179
North Carolina,37009,Ashe,009
North Carolina,37081,Guilford,081
North Carolina,37197,Yadkin,197
North Carolina,37037,Chatham,037
North Carolina,37057,Davidson,057
North Carolina,37157,Rockingham,157
North Carolina,37191,Wayne,191
North Carolina,37087,Haywood,087
North Carolina,37183,Wake,183
North Carolina,37159,Rowan,159
North Carolina,37085,Harnett,085
North Carolina,37077,Granville,077
North Carolina,37001,Alamance,001
North Carolina,37045,Cleveland,045
North Carolina,37125,Moore,125
North Carolina,37189,Watauga,189
North Carolina,37199,Yancey,199
North Carolina,37067,Forsyth,067
North Carolina,37017,Bladen,017
North Carolina,37033,Caswell,033
North Carolina,37069,Franklin,069
North Carolina,37167,Stanly,167
North Carolina,37147,Pitt,147
North Carolina,37059,Davie,059
North Carolina,37003,Alexander,003
North Carolina,37127,Nash,127
North Carolina,37035,Catawba,035
North Carolina,37107,Lenoir,107
North Carolina,37005,Alleghany,005
North Carolina,37089,Henderson,089
North Carolina,37161,Rutherford,161
North Carolina,37145,Person,145
North Carolina,37117,Martin,117
North Carolina,37025,Cabarrus,025
North Carolina,37051,Cumberland,051
North Carolina,37013,Beaufort,013
North Carolina,37109,Lincoln,109
North Carolina,37135,Orange,135
North Carolina,37195,Wilson,195
North Carolina,37133,Onslow,133
North Carolina,37015,Bertie,015
North Carolina,37131,Northampton,131
North Carolina,37023,Burke,023
North Carolina,37079,Greene,079
North Carolina,37083,Halifax,083
North Carolina,37007,Anson,007
North Carolina,37065,Edgecombe,065
North Carolina,37027,Caldwell,027
North Carolina,37141,Pender,141
North Carolina,37121,Mitchell,121
North Carolina,37185,Warren,185
North Carolina,37105,Lee,105
North Carolina,37049,Craven,049
North Carolina,37071,Gaston,071
North Carolina,37113,Macon,113
North Carolina,37181,Vance,181
North Carolina,37119,Mecklenburg,119
North Carolina,37011,Avery,011
North Carolina,37123,Montgomery,123
North Carolina,37039,Cherokee,039
North Carolina,37153,Richmond,153
North Carolina,37019,Brunswick,019
North Carolina,37143,Perquimans,143
North Carolina,37187,Washington,187
North Carolina,37073,Gates,073
North Carolina,37111,McDowell,111
North Carolina,37099,Jackson,099
North Carolina,37103,Jones,103
North Carolina,37175,Transylvania,175
North Carolina,37149,Polk,149
North Carolina,37139,Pasquotank,139
North Carolina,37043,Clay,043
North Carolina,37041,Chowan,041
North Carolina,37091,Hertford,091
North Carolina,37093,Hoke,093
North Carolina,37075,Graham,075
North Carolina,37063,Durham,063
North Carolina,37095,Hyde,095
North Carolina,37031,Carteret,031
North Carolina,37165,Scotland,165
North Carolina,37177,Tyrrell,177
North Carolina,37173,Swain,173
North Carolina,37029,Camden,029
North Carolina,37053,Currituck,053
North Carolina,37137,Pamlico,137
North Carolina,37129,NewHanover,129
North Carolina,37055,Dare,055
North Dakota,38101,Ward,101
North Dakota,38093,Stutsman,093
North Dakota,38055,McLean,055
North Dakota,38017,Cass,017
North Dakota,38059,Morton,059
North Dakota,38077,Richland,077
North Dakota,38049,McHenry,049
North Dakota,38105,Williams,105
North Dakota,38003,Barnes,003
North Dakota,38015,Burleigh,015
North Dakota,38089,Stark,089
North Dakota,38009,Bottineau,009
North Dakota,38029,Emmons,029
North Dakota,38061,Mountrail,061
North Dakota,38053,McKenzie,053
North Dakota,38019,Cavalier,019
North Dakota,38035,GrandForks,035
North Dakota,38099,Walsh,099
North Dakota,38045,LaMoure,045
North Dakota,38025,Dunn,025
North Dakota,38005,Benson,005
North Dakota,38103,Wells,103
North Dakota,38037,Grant,037
North Dakota,38067,Pembina,067
North Dakota,38021,Dickey,021
North Dakota,38057,Mercer,057
North Dakota,38023,Divide,023
North Dakota,38071,Ramsey,071
North Dakota,38069,Pierce,069
North Dakota,38043,Kidder,043
North Dakota,38013,Burke,013
North Dakota,38051,McIntosh,051
North Dakota,38047,Logan,047
North Dakota,38097,Traill,097
North Dakota,38063,Nelson,063
North Dakota,38081,Sargent,081
North Dakota,38095,Towner,095
North Dakota,38079,Rolette,079
North Dakota,38073,Ransom,073
North Dakota,38041,Hettinger,041
North Dakota,38075,Renville,075
North Dakota,38083,Sheridan,083
North Dakota,38039,Griggs,039
North Dakota,38011,Bowman,011
North Dakota,38001,Adams,001
North Dakota,38091,Steele,091
North Dakota,38065,Oliver,065
North Dakota,38027,Eddy,027
North Dakota,38031,Foster,031
North Dakota,38087,Slope,087
North Dakota,38007,Billings,007
North Dakota,38033,GoldenValley,033
North Dakota,38085,Sioux,085
Ohio,39037,Darke,037
Ohio,39169,Wayne,169
Ohio,39015,Brown,015
Ohio,39075,Holmes,075
Ohio,39001,Adams,001
Ohio,39137,Putnam,137
Ohio,39107,Mercer,107
Ohio,39089,Licking,089
Ohio,39147,Seneca,147
Ohio,39071,Highland,071
Ohio,39151,Stark,151
Ohio,39083,Knox,083
Ohio,39135,Preble,135
Ohio,39119,Muskingum,119
Ohio,39007,Ashtabula,007
Ohio,39173,Wood,173
Ohio,39109,Miami,109
Ohio,39029,Columbiana,029
Ohio,39063,Hancock,063
Ohio,39011,Auglaize,011
Ohio,39045,Fairfield,045
Ohio,39005,Ashland,005
Ohio,39139,Richland,139
Ohio,39157,Tuscarawas,157
Ohio,39149,Shelby,149
Ohio,39103,Medina,103
Ohio,39003,Allen,003
Ohio,39069,Henry,069
Ohio,39167,Washington,167
Ohio,39017,Butler,017
Ohio,39065,Hardin,065
Ohio,39155,Trumbull,155
Ohio,39143,Sandusky,143
Ohio,39021,Champaign,021
Ohio,39113,Montgomery,113
Ohio,39053,Gallia,053
Ohio,39025,Clermont,025
Ohio,39031,Coshocton,031
Ohio,39093,Lorain,093
Ohio,39051,Fulton,051
Ohio,39077,Huron,077
Ohio,39039,Defiance,039
Ohio,39059,Guernsey,059
Ohio,39165,Warren,165
Ohio,39057,Greene,057
Ohio,39091,Logan,091
Ohio,39117,Morrow,117
Ohio,39171,Williams,171
Ohio,39161,VanWert,161
Ohio,39159,Union,159
Ohio,39033,Crawford,033
Ohio,39133,Portage,133
Ohio,39141,Ross,141
Ohio,39027,Clinton,027
Ohio,39019,Carroll,019
Ohio,39023,Clark,023
Ohio,39041,Delaware,041
Ohio,39111,Monroe,111
Ohio,39013,Belmont,013
Ohio,39175,Wyandot,175
Ohio,39129,Pickaway,129
Ohio,39097,Madison,097
Ohio,39145,Scioto,145
Ohio,39055,Geauga,055
Ohio,39125,Paulding,125
Ohio,39121,Noble,121
Ohio,39115,Morgan,115
Ohio,39127,Perry,127
Ohio,39099,Mahoning,099
Ohio,39101,Marion,101
Ohio,39087,Lawrence,087
Ohio,39009,Athens,009
Ohio,39047,Fayette,047
Ohio,39105,Meigs,105
Ohio,39123,Ottawa,123
Ohio,39049,Franklin,049
Ohio,39067,Harrison,067
Ohio,39095,Lucas,095
Ohio,39079,Jackson,079
Ohio,39081,Jefferson,081
Ohio,39131,Pike,131
Ohio,39073,Hocking,073
Ohio,39043,Erie,043
Ohio,39061,Hamilton,061
Ohio,39153,Summit,153
Ohio,39085,Lake,085
Ohio,39163,Vinton,163
Ohio,39035,Cuyahoga,035
Oklahoma,40081,Lincoln,081
Oklahoma,40079,LeFlore,079
Oklahoma,40051,Grady,051
Oklahoma,40121,Pittsburg,121
Oklahoma,40015,Caddo,015
Oklahoma,40089,McCurtain,089
Oklahoma,40013,Bryan,013
Oklahoma,40131,Rogers,131
Oklahoma,40049,Garvin,049
Oklahoma,40101,Muskogee,101
Oklahoma,40097,Mayes,097
Oklahoma,40125,Pottawatomie,125
Oklahoma,40041,Delaware,041
Oklahoma,40037,Creek,037
Oklahoma,40047,Garfield,047
Oklahoma,40119,Payne,119
Oklahoma,40137,Stephens,137
Oklahoma,40035,Craig,035
Oklahoma,40113,Osage,113
Oklahoma,40123,Pontotoc,123
Oklahoma,40019,Carter,019
Oklahoma,40005,Atoka,005
Oklahoma,40017,Canadian,017
Oklahoma,40021,Cherokee,021
Oklahoma,40001,Adair,001
Oklahoma,40149,Washita,149
Oklahoma,40071,Kay,071
Oklahoma,40111,Okmulgee,111
Oklahoma,40031,Comanche,031
Oklahoma,40115,Ottawa,115
Oklahoma,40135,Sequoyah,135
Oklahoma,40133,Seminole,133
Oklahoma,40023,Choctaw,023
Oklahoma,40083,Logan,083
Oklahoma,40027,Cleveland,027
Oklahoma,40073,Kingfisher,073
Oklahoma,40087,McClain,087
Oklahoma,40109,Oklahoma,109
Oklahoma,40091,McIntosh,091
Oklahoma,40039,Custer,039
Oklahoma,40145,Wagoner,145
Oklahoma,40061,Haskell,061
Oklahoma,40063,Hughes,063
Oklahoma,40093,Major,093
Oklahoma,40143,Tulsa,143
Oklahoma,40011,Blaine,011
Oklahoma,40003,Alfalfa,003
Oklahoma,40153,Woodward,153
Oklahoma,40105,Nowata,105
Oklahoma,40009,Beckham,009
Oklahoma,40053,Grant,053
Oklahoma,40107,Okfuskee,107
Oklahoma,40103,Noble,103
Oklahoma,40127,Pushmataha,127
Oklahoma,40007,Beaver,007
Oklahoma,40075,Kiowa,075
Oklahoma,40129,RogerMills,129
Oklahoma,40147,Washington,147
Oklahoma,40117,Pawnee,117
Oklahoma,40043,Dewey,043
Oklahoma,40151,Woods,151
Oklahoma,40139,Texas,139
Oklahoma,40045,Ellis,045
Oklahoma,40065,Jackson,065
Oklahoma,40069,Johnston,069
Oklahoma,40077,Latimer,077
Oklahoma,40085,Love,085
Oklahoma,40141,Tillman,141
Oklahoma,40029,Coal,029
Oklahoma,40033,Cotton,033
Oklahoma,40067,Jefferson,067
Oklahoma,40055,Greer,055
Oklahoma,40099,Murray,099
Oklahoma,40059,Harper,059
Oklahoma,40025,Cimarron,025
Oklahoma,40095,Marshall,095
Oklahoma,40057,Harmon,057
Oregon,41005,Clackamas,005
Oregon,41047,Marion,047
Oregon,41043,Linn,043
Oregon,41039,Lane,039
Oregon,41019,Douglas,019
Oregon,41071,Yamhill,071
Oregon,41029,Jackson,029
Oregon,41067,Washington,067
Oregon,41059,Umatilla,059
Oregon,41017,Deschutes,017
Oregon,41045,Malheur,045
Oregon,41053,Polk,053
Oregon,41035,Klamath,035
Oregon,41061,Union,061
Oregon,41009,Columbia,009
Oregon,41011,Coos,011
Oregon,41003,Benton,003
Oregon,41033,Josephine,033
Oregon,41051,Multnomah,051
Oregon,41001,Baker,001
Oregon,41027,HoodRiver,027
Oregon,41013,Crook,013
Oregon,41063,Wallowa,063
Oregon,41065,Wasco,065
Oregon,41025,Harney,025
Oregon,41023,Grant,023
Oregon,41037,Lake,037
Oregon,41057,Tillamook,057
Oregon,41031,Jefferson,031
Oregon,41049,Morrow,049
Oregon,41041,Lincoln,041
Oregon,41007,Clatsop,007
Oregon,41015,Curry,015
Oregon,41055,Sherman,055
Oregon,41069,Wheeler,069
Oregon,41021,Gilliam,021
Pennsylvania,42071,Lancaster,071
Pennsylvania,42133,York,133
Pennsylvania,42011,Berks,011
Pennsylvania,42125,Washington,125
Pennsylvania,42015,Bradford,015
Pennsylvania,42055,Franklin,055
Pennsylvania,42029,Chester,029
Pennsylvania,42049,Erie,049
Pennsylvania,42039,Crawford,039
Pennsylvania,42129,Westmoreland,129
Pennsylvania,42085,Mercer,085
Pennsylvania,42019,Butler,019
Pennsylvania,42111,Somerset,111
Pennsylvania,42041,Cumberland,041
Pennsylvania,42009,Bedford,009
Pennsylvania,42001,Adams,001
Pennsylvania,42075,Lebanon,075
Pennsylvania,42117,Tioga,117
Pennsylvania,42081,Lycoming,081
Pennsylvania,42051,Fayette,051
Pennsylvania,42063,Indiana,063
Pennsylvania,42027,Centre,027
Pennsylvania,42115,Susquehanna,115
Pennsylvania,42109,Snyder,109
Pennsylvania,42059,Greene,059
Pennsylvania,42005,Armstrong,005
Pennsylvania,42073,Lawrence,073
Pennsylvania,42087,Mifflin,087
Pennsylvania,42127,Wayne,127
Pennsylvania,42017,Bucks,017
Pennsylvania,42037,Columbia,037
Pennsylvania,42043,Dauphin,043
Pennsylvania,42099,Perry,099
Pennsylvania,42061,Huntingdon,061
Pennsylvania,42107,Schuylkill,107
Pennsylvania,42067,Juniata,067
Pennsylvania,42097,Northumberland,097
Pennsylvania,42007,Beaver,007
Pennsylvania,42021,Cambria,021
Pennsylvania,42119,Union,119
Pennsylvania,42031,Clarion,031
Pennsylvania,42057,Fulton,057
Pennsylvania,42091,Montgomery,091
Pennsylvania,42065,Jefferson,065
Pennsylvania,42077,Lehigh,077
Pennsylvania,42123,Warren,123
Pennsylvania,42013,Blair,013
Pennsylvania,42079,Luzerne,079
Pennsylvania,42095,Northampton,095
Pennsylvania,42121,Venango,121
Pennsylvania,42033,Clearfield,033
Pennsylvania,42003,Allegheny,003
Pennsylvania,42105,Potter,105
Pennsylvania,42131,Wyoming,131
Pennsylvania,42093,Montour,093
Pennsylvania,42035,Clinton,035
Pennsylvania,42069,Lackawanna,069
Pennsylvania,42083,McKean,083
Pennsylvania,42047,Elk,047
Pennsylvania,42025,Carbon,025
Pennsylvania,42113,Sullivan,113
Pennsylvania,42089,Monroe,089
Pennsylvania,42045,Delaware,045
Pennsylvania,42053,Forest,053
Pennsylvania,42103,Pike,103
Pennsylvania,42023,Cameron,023
Pennsylvania,42101,Philadelphia,101
Rhode Island,44007,Providence,007
Rhode Island,44009,Washington,009
Rhode Island,44005,Newport,005
Rhode Island,44003,Kent,003
Rhode Island,44001,Bristol,001
South Carolina,45007,Anderson,007
South Carolina,45051,Horry,051
South Carolina,45083,Spartanburg,083
South Carolina,45075,Orangeburg,075
South Carolina,45041,Florence,041
South Carolina,45063,Lexington,063
South Carolina,45045,Greenville,045
South Carolina,45089,Williamsburg,089
South Carolina,45091,York,091
South Carolina,45073,Oconee,073
South Carolina,45003,Aiken,003
South Carolina,45059,Laurens,059
South Carolina,45081,Saluda,081
South Carolina,45077,Pickens,077
South Carolina,45029,Colleton,029
South Carolina,45071,Newberry,071
South Carolina,45001,Abbeville,001
South Carolina,45025,Chesterfield,025
South Carolina,45057,Lancaster,057
South Carolina,45047,Greenwood,047
South Carolina,45023,Chester,023
South Carolina,45021,Cherokee,021
South Carolina,45085,Sumter,085
South Carolina,45027,Clarendon,027
South Carolina,45031,Darlington,031
South Carolina,45079,Richland,079
South Carolina,45015,Berkeley,015
South Carolina,45035,Dorchester,035
South Carolina,45087,Union,087
South Carolina,45011,Barnwell,011
South Carolina,45061,Lee,061
South Carolina,45067,Marion,067
South Carolina,45017,Calhoun,017
South Carolina,45037,Edgefield,037
South Carolina,45009,Bamberg,009
South Carolina,45049,Hampton,049
South Carolina,45033,Dillon,033
South Carolina,45055,Kershaw,055
South Carolina,45043,Georgetown,043
South Carolina,45019,Charleston,019
South Carolina,45039,Fairfield,039
South Carolina,45069,Marlboro,069
South Carolina,45053,Jasper,053
South Carolina,45005,Allendale,005
South Carolina,45013,Beaufort,013
South Carolina,45065,McCormick,065
South Dakota,46099,Minnehaha,099
South Dakota,46013,Brown,013
South Dakota,46125,Turner,125
South Dakota,46067,Hutchinson,067
South Dakota,46083,Lincoln,083
South Dakota,46011,Brookings,011
South Dakota,46109,Roberts,109
South Dakota,46005,Beadle,005
South Dakota,46093,Meade,093
South Dakota,46023,CharlesMix,023
South Dakota,46009,BonHomme,009
South Dakota,46037,Day,037
South Dakota,46135,Yankton,135
South Dakota,46115,Spink,115
South Dakota,46123,Tripp,123
South Dakota,46101,Moody,101
South Dakota,46039,Deuel,039
South Dakota,46051,Grant,051
South Dakota,46077,Kingsbury,077
South Dakota,46053,Gregory,053
South Dakota,46087,McCook,087
South Dakota,46029,Codington,029
South Dakota,46025,Clark,025
South Dakota,46103,Pennington,103
South Dakota,46079,Lake,079
South Dakota,46127,Union,127
South Dakota,46019,Butte,019
South Dakota,46105,Perkins,105
South Dakota,46059,Hand,059
South Dakota,46045,Edmunds,045
South Dakota,46057,Hamlin,057
South Dakota,46035,Davison,035
South Dakota,46043,Douglas,043
South Dakota,46091,Marshall,091
South Dakota,46089,McPherson,089
South Dakota,46031,Corson,031
South Dakota,46003,Aurora,003
South Dakota,46027,Clay,027
South Dakota,46097,Miner,097
South Dakota,46015,Brule,015
South Dakota,46111,Sanborn,111
South Dakota,46085,Lyman,085
South Dakota,46041,Dewey,041
South Dakota,46061,Hanson,061
South Dakota,46129,Walworth,129
South Dakota,46033,Custer,033
South Dakota,46049,Faulk,049
South Dakota,46055,Haakon,055
South Dakota,46021,Campbell,021
South Dakota,46071,Jackson,071
South Dakota,46073,Jerauld,073
South Dakota,46047,FallRiver,047
South Dakota,46107,Potter,107
South Dakota,46007,Bennett,007
South Dakota,46081,Lawrence,081
South Dakota,46095,Mellette,095
South Dakota,46119,Sully,119
South Dakota,46137,Ziebach,137
South Dakota,46065,Hughes,065
South Dakota,46063,Harding,063
South Dakota,46121,Todd,121
South Dakota,46069,Hyde,069
South Dakota,46113,Shannon,113
South Dakota,46117,Stanley,117
South Dakota,46075,Jones,075
South Dakota,46017,Buffalo,017
Tennessee,47059,Greene,059
Tennessee,47073,Hawkins,073
Tennessee,47179,Washington,179
Tennessee,47165,Sumner,165
Tennessee,47189,Wilson,189
Tennessee,47103,Lincoln,103
Tennessee,47025,Claiborne,025
Tennessee,47119,Maury,119
Tennessee,47149,Rutherford,149
Tennessee,47099,Lawrence,099
Tennessee,47055,Giles,055
Tennessee,47147,Robertson,147
Tennessee,47163,Sullivan,163
Tennessee,47111,Macon,111
Tennessee,47177,Warren,177
Tennessee,47003,Bedford,003
Tennessee,47187,Williamson,187
Tennessee,47057,Grainger,057
Tennessee,47089,Jefferson,089
Tennessee,47093,Knox,093
Tennessee,47141,Putnam,141
Tennessee,47159,Smith,159
Tennessee,47185,White,185
Tennessee,47009,Blount,009
Tennessee,47043,Dickson,043
Tennessee,47051,Franklin,051
Tennessee,47107,McMinn,107
Tennessee,47117,Marshall,117
Tennessee,47029,Cocke,029
Tennessee,47053,Gibson,053
Tennessee,47123,Monroe,123
Tennessee,47155,Sevier,155
Tennessee,47125,Montgomery,125
Tennessee,47031,Coffee,031
Tennessee,47183,Weakley,183
Tennessee,47133,Overton,133
Tennessee,47091,Johnson,091
Tennessee,47017,Carroll,017
Tennessee,47041,DeKalb,041
Tennessee,47077,Henderson,077
Tennessee,47079,Henry,079
Tennessee,47067,Hancock,067
Tennessee,47063,Hamblen,063
Tennessee,47015,Cannon,015
Tennessee,47011,Bradley,011
Tennessee,47105,Loudon,105
Tennessee,47019,Carter,019
Tennessee,47035,Cumberland,035
Tennessee,47047,Fayette,047
Tennessee,47131,Obion,131
Tennessee,47087,Jackson,087
Tennessee,47081,Hickman,081
Tennessee,47109,McNairy,109
Tennessee,47181,Wayne,181
Tennessee,47167,Tipton,167
Tennessee,47065,Hamilton,065
Tennessee,47157,Shelby,157
Tennessee,47173,Union,173
Tennessee,47085,Humphreys,085
Tennessee,47071,Hardin,071
Tennessee,47145,Roane,145
Tennessee,47027,Clay,027
Tennessee,47021,Cheatham,021
Tennessee,47007,Bledsoe,007
Tennessee,47045,Dyer,045
Tennessee,47113,Madison,113
Tennessee,47049,Fentress,049
Tennessee,47001,Anderson,001
Tennessee,47039,Decatur,039
Tennessee,47069,Hardeman,069
Tennessee,47037,Davidson,037
Tennessee,47013,Campbell,013
Tennessee,47097,Lauderdale,097
Tennessee,47075,Haywood,075
Tennessee,47033,Crockett,033
Tennessee,47137,Pickett,137
Tennessee,47127,Moore,127
Tennessee,47005,Benton,005
Tennessee,47061,Grundy,061
Tennessee,47169,Trousdale,169
Tennessee,47023,Chester,023
Tennessee,47143,Rhea,143
Tennessee,47161,Stewart,161
Tennessee,47121,Meigs,121
Tennessee,47129,Morgan,129
Tennessee,47115,Marion,115
Tennessee,47139,Polk,139
Tennessee,47171,Unicoi,171
Tennessee,47083,Houston,083
Tennessee,47151,Scott,151
Tennessee,47175,VanBuren,175
Tennessee,47135,Perry,135
Tennessee,47101,Lewis,101
Tennessee,47153,Sequatchie,153
Tennessee,47095,Lake,095
Texas,48149,Fayette,149
Texas,48285,Lavaca,285
Texas,48467,VanZandt,467
Texas,48367,Parker,367
Texas,48231,Hunt,231
Texas,48477,Washington,477
Texas,48309,McLennan,309
Texas,48029,Bexar,029
Texas,48181,Grayson,181
Texas,48251,Johnson,251
Texas,48497,Wise,497
Texas,48491,Williamson,491
Texas,48223,Hopkins,223
Texas,48015,Austin,015
Texas,48257,Kaufman,257
Texas,48187,Guadalupe,187
Texas,48493,Wilson,493
Texas,48021,Bastrop,021
Texas,48289,Leon,289
Texas,48143,Erath,143
Texas,48213,Henderson,213
Texas,48027,Bell,027
Texas,48423,Smith,423
Texas,48177,Gonzales,177
Texas,48331,Milam,331
Texas,48139,Ellis,139
Texas,48287,Lee,287
Texas,48217,Hill,217
Texas,48001,Anderson,001
Texas,48121,Denton,121
Texas,48201,Harris,201
Texas,48123,DeWitt,123
Texas,48147,Fannin,147
Texas,48073,Cherokee,073
Texas,48277,Lamar,277
Texas,48039,Brazoria,039
Texas,48089,Colorado,089
Texas,48325,Medina,325
Texas,48093,Comanche,093
Texas,48225,Houston,225
Texas,48215,Hidalgo,215
Texas,48349,Navarro,349
Texas,48171,Gillespie,171
Texas,48185,Grimes,185
Texas,48499,Wood,499
Texas,48051,Burleson,051
Texas,48097,Cooke,097
Texas,48401,Rusk,401
Texas,48085,Collin,085
Texas,48395,Robertson,395
Texas,48161,Freestone,161
Texas,48013,Atascosa,013
Texas,48293,Limestone,293
Texas,48347,Nacogdoches,347
Texas,48337,Montague,337
Texas,48157,FortBend,157
Texas,48481,Wharton,481
Texas,48133,Eastland,133
Texas,48049,Brown,049
Texas,48459,Upshur,459
Texas,48419,Shelby,419
Texas,48145,Falls,145
Texas,48255,Karnes,255
Texas,48203,Harrison,203
Texas,48469,Victoria,469
Texas,48037,Bowie,037
Texas,48099,Coryell,099
Texas,48453,Travis,453
Texas,48035,Bosque,035
Texas,48041,Brazos,041
Texas,48439,Tarrant,439
Texas,48053,Burnet,053
Texas,48055,Caldwell,055
Texas,48387,RedRiver,387
Texas,48131,Duval,131
Texas,48339,Montgomery,339
Texas,48193,Hamilton,193
Texas,48441,Taylor,441
Texas,48291,Liberty,291
Texas,48303,Lubbock,303
Texas,48473,Waller,473
Texas,48067,Cass,067
Texas,48365,Panola,365
Texas,48061,Cameron,061
Texas,48399,Runnels,399
Texas,48451,TomGreen,451
Texas,48077,Clay,077
Texas,48313,Madison,313
Texas,48253,Jones,253
Texas,48059,Callahan,059
Texas,48363,PaloPinto,363
Texas,48471,Walker,471
Texas,48083,Coleman,083
Texas,48449,Titus,449
Texas,48175,Goliad,175
Texas,48239,Jackson,239
Texas,48005,Angelina,005
Texas,48209,Hays,209
Texas,48281,Lampasas,281
Texas,48297,LiveOak,297
Texas,48189,Hale,189
Texas,48333,Mills,333
Texas,48249,JimWells,249
Texas,48321,Matagorda,321
Texas,48113,Dallas,113
Texas,48237,Jack,237
Texas,48427,Starr,427
Texas,48221,Hood,221
Texas,48259,Kendall,259
Texas,48025,Bee,025
Texas,48503,Young,503
Texas,48091,Comal,091
Texas,48411,SanSaba,411
Texas,48265,Kerr,265
Texas,48279,Lamb,279
Texas,48415,Scurry,415
Texas,48463,Uvalde,463
Texas,48241,Jasper,241
Texas,48031,Blanco,031
Texas,48019,Bandera,019
Texas,48207,Haskell,207
Texas,48165,Gaines,165
Texas,48151,Fisher,151
Texas,48373,Polk,373
Texas,48455,Trinity,455
Texas,48117,DeafSmith,117
Texas,48307,McCulloch,307
Texas,48319,Mason,319
Texas,48219,Hockley,219
Texas,48369,Parmer,369
Texas,48381,Randall,381
Texas,48159,Franklin,159
Texas,48163,Frio,163
Texas,48299,Llano,299
Texas,48485,Wichita,485
Texas,48379,Rains,379
Texas,48305,Lynn,305
Texas,48355,Nueces,355
Texas,48267,Kimble,267
Texas,48437,Swisher,437
Texas,48245,Jefferson,245
Texas,48087,Collingsworth,087
Texas,48429,Stephens,429
Texas,48487,Wilbarger,487
Texas,48445,Terry,445
Texas,48153,Floyd,153
Texas,48457,Tyler,457
Texas,48483,Wheeler,483
Texas,48063,Camp,063
Texas,48167,Galveston,167
Texas,48353,Nolan,353
Texas,48115,Dawson,115
Texas,48069,Castro,069
Texas,48009,Archer,009
Texas,48141,ElPaso,141
Texas,48409,SanPatricio,409
Texas,48119,Delta,119
Texas,48095,Concho,095
Texas,48343,Morris,343
Texas,48479,Webb,479
Texas,48017,Bailey,017
Texas,48081,Coke,081
Texas,48335,Mitchell,335
Texas,48407,SanJacinto,407
Texas,48357,Ochiltree,357
Texas,48227,Howard,227
Texas,48433,Stonewall,433
Texas,48065,Carson,065
Texas,48107,Crosby,107
Texas,48129,Donley,129
Texas,48505,Zapata,505
Texas,48405,SanAugustine,405
Texas,48199,Hardin,199
Texas,48071,Chambers,071
Texas,48183,Gregg,183
Texas,48329,Midland,329
Texas,48197,Hardeman,197
Texas,48179,Gray,179
Texas,48361,Orange,361
Texas,48295,Lipscomb,295
Texas,48317,Martin,317
Texas,48191,Hall,191
Texas,48023,Baylor,023
Texas,48047,Brooks,047
Texas,48275,Knox,275
Texas,48327,Menard,327
Texas,48447,Throckmorton,447
Texas,48125,Dickens,125
Texas,48111,Dallam,111
Texas,48169,Garza,169
Texas,48413,Schleicher,413
Texas,48351,Newton,351
Texas,48501,Yoakum,501
Texas,48057,Calhoun,057
Texas,48425,Somervell,425
Texas,48137,Edwards,137
Texas,48075,Childress,075
Texas,48371,Pecos,371
Texas,48273,Kleberg,273
Texas,48283,LaSalle,283
Texas,48045,Briscoe,045
Texas,48195,Hansford,195
Texas,48489,Willacy,489
Texas,48211,Hemphill,211
Texas,48421,Sherman,421
Texas,48341,Moore,341
Texas,48385,Real,385
Texas,48417,Shackelford,417
Texas,48011,Armstrong,011
Texas,48079,Cochran,079
Texas,48311,McMullen,311
Texas,48465,ValVerde,465
Texas,48403,Sabine,403
Texas,48507,Zavala,507
Texas,48315,Marion,315
Texas,48391,Refugio,391
Texas,48127,Dimmit,127
Texas,48397,Rockwall,397
Texas,48135,Ector,135
Texas,48155,Foard,155
Texas,48173,Glasscock,173
Texas,48435,Sutton,435
Texas,48345,Motley,345
Texas,48247,JimHogg,247
Texas,48323,Maverick,323
Texas,48205,Hartley,205
Texas,48101,Cottle,101
Texas,48233,Hutchinson,233
Texas,48375,Potter,375
Texas,48389,Reeves,389
Texas,48263,Kent,263
Texas,48235,Irion,235
Texas,48105,Crockett,105
Texas,48003,Andrews,003
Texas,48377,Presidio,377
Texas,48033,Borden,033
Texas,48229,Hudspeth,229
Texas,48271,Kinney,271
Texas,48359,Oldham,359
Texas,48043,Brewster,043
Texas,48461,Upton,461
Texas,48393,Roberts,393
Texas,48443,Terrell,443
Texas,48383,Reagan,383
Texas,48475,Ward,475
Texas,48109,Culberson,109
Texas,48243,JeffDavis,243
Texas,48431,Sterling,431
Texas,48103,Crane,103
Texas,48007,Aransas,007
Texas,48269,King,269
Texas,48261,Kenedy,261
Texas,48495,Winkler,495
Texas,48301,Loving,301
Utah,49049,Utah,049
Utah,49005,Cache,005
Utah,49003,BoxElder,003
Utah,49057,Weber,057
Utah,49013,Duchesne,013
Utah,49047,Uintah,047
Utah,49035,SaltLake,035
Utah,49039,Sanpete,039
Utah,49027,Millard,027
Utah,49011,Davis,011
Utah,49015,Emery,015
Utah,49041,Sevier,041
Utah,49043,Summit,043
Utah,49053,Washington,053
Utah,49021,Iron,021
Utah,49045,Tooele,045
Utah,49051,Wasatch,051
Utah,49029,Morgan,029
Utah,49017,Garfield,017
Utah,49001,Beaver,001
Utah,49037,SanJuan,037
Utah,49023,Juab,023
Utah,49007,Carbon,007
Utah,49055,Wayne,055
Utah,49025,Kane,025
Utah,49033,Rich,033
Utah,49031,Piute,031
Utah,49019,Grand,019
Utah,49009,Daggett,009
Vermont,50011,Franklin,011
Vermont,50001,Addison,001
Vermont,50019,Orleans,019
Vermont,50027,Windsor,027
Vermont,50017,Orange,017
Vermont,50021,Rutland,021
Vermont,50005,Caledonia,005
Vermont,50007,Chittenden,007
Vermont,50023,Washington,023
Vermont,50025,Windham,025
Vermont,50015,Lamoille,015
Vermont,50003,Bennington,003
Vermont,50013,GrandIsle,013
Vermont,50009,Essex,009
Virginia,51191,Washington,191
Virginia,51165,Rockingham,165
Virginia,51169,Scott,169
Virginia,51015,Augusta,015
Virginia,51143,Pittsylvania,143
Virginia,51105,Lee,105
Virginia,51019,Bedford,019
Virginia,51167,Russell,167
Virginia,51083,Halifax,083
Virginia,51067,Franklin,067
Virginia,51035,Carroll,035
Virginia,51077,Grayson,077
Virginia,51061,Fauquier,061
Virginia,51107,Loudoun,107
Virginia,51173,Smyth,173
Virginia,51171,Shenandoah,171
Virginia,51063,Floyd,063
Virginia,51003,Albemarle,003
Virginia,51197,Wythe,197
Virginia,51163,Rockbridge,163
Virginia,51031,Campbell,031
Virginia,51117,Mecklenburg,117
Virginia,51141,Patrick,141
Virginia,51085,Hanover,085
Virginia,51139,Page,139
Virginia,51023,Botetourt,023
Virginia,51121,Montgomery,121
Virginia,51069,Frederick,069
Virginia,51185,Tazewell,185
Virginia,51037,Charlotte,037
Virginia,51047,Culpeper,047
Virginia,51009,Amherst,009
Virginia,51113,Madison,113
Virginia,51137,Orange,137
Virginia,51109,Louisa,109
Virginia,51111,Lunenburg,111
Virginia,51155,Pulaski,155
Virginia,51011,Appomattox,011
Virginia,51125,Nelson,125
Virginia,51053,Dinwiddie,053
Virginia,51071,Giles,071
Virginia,51029,Buckingham,029
Virginia,51021,Bland,021
Virginia,51025,Brunswick,025
Virginia,51157,Rappahannock,157
Virginia,51147,PrinceEdward,147
Virginia,51135,Nottoway,135
Virginia,51091,Highland,091
Virginia,51175,Southampton,175
Virginia,51043,Clarke,043
Virginia,51089,Henry,089
Virginia,51007,Amelia,007
Virginia,51161,Roanoke,161
Virginia,51065,Fluvanna,065
Virginia,51153,PrinceWilliam,153
Virginia,51177,Spotsylvania,177
Virginia,51800,Suffolk,800
Virginia,51001,Accomack,001
Virginia,51049,Cumberland,049
Virginia,51075,Goochland,075
Virginia,51079,Greene,079
Virginia,51187,Warren,187
Virginia,51145,Powhatan,145
Virginia,51093,IsleofWight,093
Virginia,51033,Caroline,033
Virginia,51045,Craig,045
Virginia,51179,Stafford,179
Virginia,51550,Chesapeake,550
Virginia,51005,Alleghany,005
Virginia,51131,Northampton,131
Virginia,51149,PrinceGeorge,149
Virginia,51081,Greensville,081
Virginia,51183,Sussex,183
Virginia,51810,VirginiaBeach,810
Virginia,51087,Henrico,087
Virginia,51097,KingandQueen,097
Virginia,51041,Chesterfield,041
Virginia,51159,Richmond,159
Virginia,51193,Westmoreland,193
Virginia,51195,Wise,195
Virginia,51059,Fairfax,059
Virginia,51099,KingGeorge,099
Virginia,51133,Northumberland,133
Virginia,51017,Bath,017
Virginia,51057,Essex,057
Virginia,51101,KingWilliam,101
Virginia,51073,Gloucester,073
Virginia,51051,Dickenson,051
Virginia,51027,Buchanan,027
Virginia,51181,Surry,181
Virginia,51119,Middlesex,119
Virginia,51103,Lancaster,103
Virginia,51127,NewKent,127
Virginia,51036,CharlesCity,036
Virginia,51115,Mathews,115
Virginia,51095,JamesCity,095
Virginia,51199,York,199
Virginia,51013,Arlington,013
Virginia,51510,Alexandria,510
Virginia,51515,Bedford,515
Virginia,51520,Bristol,520
Virginia,51530,BuenaVista,530
Virginia,51540,Charlottesville,540
Virginia,51560,CliftonForge,560
Virginia,51570,ColonialHeights,570
Virginia,51580,Covington,580
Virginia,51590,Danville,590
Virginia,51595,Emporia,595
Virginia,51600,Fairfax,600
Virginia,51610,FallsChurch,610
Virginia,51620,Franklin,620
Virginia,51630,Fredericksburg,630
Virginia,51640,Galax,640
Virginia,51650,Hampton,650
Virginia,51660,Harrisonburg,660
Virginia,51670,Hopewell,670
Virginia,51678,Lexington,678
Virginia,51680,Lynchburg,680
Virginia,51683,Manassas,683
Virginia,51685,ManassasPark,685
Virginia,51690,Martinsville,690
Virginia,51700,NewportNews,700
Virginia,51710,Norfolk,710
Virginia,51720,Norton,720
Virginia,51730,Petersburg,730
Virginia,51735,Poquoson,735
Virginia,51740,Portsmouth,740
Virginia,51750,Radford,750
Virginia,51760,Richmond,760
Virginia,51770,Roanoke,770
Virginia,51775,Salem,775
Virginia,51780,SouthBoston,780
Virginia,51790,Staunton,790
Virginia,51820,Waynesboro,820
Virginia,51830,Williamsburg,830
Virginia,51840,Winchester,840
Washington,53077,Yakima,077
Washington,53063,Spokane,063
Washington,53025,Grant,025
Washington,53073,Whatcom,073
Washington,53011,Clark,011
Washington,53047,Okanogan,047
Washington,53061,Snohomish,061
Washington,53033,King,033
Washington,53041,Lewis,041
Washington,53065,Stevens,065
Washington,53007,Chelan,007
Washington,53053,Pierce,053
Washington,53005,Benton,005
Washington,53067,Thurston,067
Washington,53075,Whitman,075
Washington,53037,Kittitas,037
Washington,53017,Douglas,017
Washington,53021,Franklin,021
Washington,53057,Skagit,057
Washington,53071,WallaWalla,071
Washington,53043,Lincoln,043
Washington,53039,Klickitat,039
Washington,53001,Adams,001
Washington,53015,Cowlitz,015
Washington,53027,GraysHarbor,027
Washington,53035,Kitsap,035
Washington,53009,Clallam,009
Washington,53029,Island,029
Washington,53049,Pacific,049
Washington,53051,PendOreille,051
Washington,53019,Ferry,019
Washington,53013,Columbia,013
Washington,53055,SanJuan,055
Washington,53045,Mason,045
Washington,53023,Garfield,023
Washington,53031,Jefferson,031
Washington,53003,Asotin,003
Washington,53069,Wahkiakum,069
Washington,53059,Skamania,059
West Virginia,54077,Preston,077
West Virginia,54025,Greenbrier,025
West Virginia,54053,Mason,053
West Virginia,54035,Jackson,035
West Virginia,54063,Monroe,063
West Virginia,54027,Hampshire,027
West Virginia,54033,Harrison,033
West Virginia,54071,Pendleton,071
West Virginia,54055,Mercer,055
West Virginia,54107,Wood,107
West Virginia,54031,Hardy,031
West Virginia,54079,Putnam,079
West Virginia,54087,Roane,087
West Virginia,54003,Berkeley,003
West Virginia,54001,Barbour,001
West Virginia,54051,Marshall,051
West Virginia,54097,Upshur,097
West Virginia,54061,Monongalia,061
West Virginia,54083,Randolph,083
West Virginia,54075,Pocahontas,075
West Virginia,54023,Grant,023
West Virginia,54049,Marion,049
West Virginia,54089,Summers,089
West Virginia,54041,Lewis,041
West Virginia,54011,Cabell,011
West Virginia,54085,Ritchie,085
West Virginia,54057,Mineral,057
West Virginia,54037,Jefferson,037
West Virginia,54007,Braxton,007
West Virginia,54067,Nicholas,067
West Virginia,54017,Doddridge,017
West Virginia,54091,Taylor,091
West Virginia,54043,Lincoln,043
West Virginia,54095,Tyler,095
West Virginia,54081,Raleigh,081
West Virginia,54021,Gilmer,021
West Virginia,54103,Wetzel,103
West Virginia,54105,Wirt,105
West Virginia,54019,Fayette,019
West Virginia,54099,Wayne,099
West Virginia,54093,Tucker,093
West Virginia,54013,Calhoun,013
West Virginia,54039,Kanawha,039
West Virginia,54065,Morgan,065
West Virginia,54069,Ohio,069
West Virginia,54073,Pleasants,073
West Virginia,54015,Clay,015
West Virginia,54101,Webster,101
West Virginia,54009,Brooke,009
West Virginia,54029,Hancock,029
West Virginia,54109,Wyoming,109
West Virginia,54005,Boone,005
West Virginia,54045,Logan,045
West Virginia,54047,McDowell,047
West Virginia,54059,Mingo,059
Wisconsin,55073,Marathon,073
Wisconsin,55025,Dane,025
Wisconsin,55043,Grant,043
Wisconsin,55019,Clark,019
Wisconsin,55123,Vernon,123
Wisconsin,55027,Dodge,027
Wisconsin,55017,Chippewa,017
Wisconsin,55005,Barron,005
Wisconsin,55081,Monroe,081
Wisconsin,55115,Shawano,115
Wisconsin,55039,FondduLac,039
Wisconsin,55021,Columbia,021
Wisconsin,55095,Polk,095
Wisconsin,55121,Trempealeau,121
Wisconsin,55033,Dunn,033
Wisconsin,55087,Outagamie,087
Wisconsin,55109,St.Croix,109
Wisconsin,55071,Manitowoc,071
Wisconsin,55111,Sauk,111
Wisconsin,55105,Rock,105
Wisconsin,55055,Jefferson,055
Wisconsin,55049,Iowa,049
Wisconsin,55093,Pierce,093
Wisconsin,55135,Waupaca,135
Wisconsin,55045,Green,045
Wisconsin,55065,Lafayette,065
Wisconsin,55009,Brown,009
Wisconsin,55117,Sheboygan,117
Wisconsin,55103,Richland,103
Wisconsin,55141,Wood,141
Wisconsin,55119,Taylor,119
Wisconsin,55083,Oconto,083
Wisconsin,55023,Crawford,023
Wisconsin,55011,Buffalo,011
Wisconsin,55035,EauClaire,035
Wisconsin,55097,Portage,097
Wisconsin,55061,Kewaunee,061
Wisconsin,55139,Winnebago,139
Wisconsin,55131,Washington,131
Wisconsin,55029,Door,029
Wisconsin,55127,Walworth,127
Wisconsin,55015,Calumet,015
Wisconsin,55063,LaCrosse,063
Wisconsin,55053,Jackson,053
Wisconsin,55057,Juneau,057
Wisconsin,55107,Rusk,107
Wisconsin,55047,GreenLake,047
Wisconsin,55133,Waukesha,133
Wisconsin,55075,Marinette,075
Wisconsin,55137,Waushara,137
Wisconsin,55101,Racine,101
Wisconsin,55089,Ozaukee,089
Wisconsin,55077,Marquette,077
Wisconsin,55091,Pepin,091
Wisconsin,55069,Lincoln,069
Wisconsin,55099,Price,099
Wisconsin,55059,Kenosha,059
Wisconsin,55013,Burnett,013
Wisconsin,55067,Langlade,067
Wisconsin,55007,Bayfield,007
Wisconsin,55001,Adams,001
Wisconsin,55129,Washburn,129
Wisconsin,55031,Douglas,031
Wisconsin,55003,Ashland,003
Wisconsin,55113,Sawyer,113
Wisconsin,55041,Forest,041
Wisconsin,55079,Milwaukee,079
Wisconsin,55085,Oneida,085
Wisconsin,55037,Florence,037
Wisconsin,55051,Iron,051
Wisconsin,55125,Vilas,125
Wisconsin,55078,Menominee,078
Wyoming,56013,Fremont,013
Wyoming,56015,Goshen,015
Wyoming,56029,Park,029
Wyoming,56021,Laramie,021
Wyoming,56033,Sheridan,033
Wyoming,56003,BigHorn,003
Wyoming,56023,Lincoln,023
Wyoming,56005,Campbell,005
Wyoming,56031,Platte,031
Wyoming,56011,Crook,011
Wyoming,56027,Niobrara,027
Wyoming,56009,Converse,009
Wyoming,56041,Uinta,041
Wyoming,56019,Johnson,019
Wyoming,56001,Albany,001
Wyoming,56025,Natrona,025
Wyoming,56045,Weston,045
Wyoming,56007,Carbon,007
Wyoming,56035,Sublette,035
Wyoming,56043,Washakie,043
Wyoming,56037,Sweetwater,037
Wyoming,56017,HotSprings,017
Wyoming,56039,Teton,039
