id,name,party
6073,San Diego,DEM
6019,Fresno,DEM
42071,Lancaster,DEM
6107,Tulare,REP
6099,Stanislaus,REP
6077,San Joaquin,REP
53077,Yakima,DEM
47059,Greene,DEM
41005,Clackamas,REP
15001,Hawaii,REP
27145,Stearns,DEM
6065,Riverside,REP
55073,Marathon,DEM
48149,Fayette,DEM
8123,Weld,REP
5143,Washington,DEM
27111,Otter Tail,DEM
48285,Lavaca,DEM
6047,Merced,REP
6097,Sonoma,DEM
12057,Hillsborough,REP
55025,Dane,REP
41047,Marion,REP
48467,Van Zandt,REP
5007,Benton,REP
1043,Cullman,DEM
29077,Greene,REP
21009,Barren,REP
21199,Pulaski,DEM
55043,Grant,DEM
55019,Clark,DEM
55123,Vernon,REP
48367,Parker,DEM
48231,Hunt,DEM
1049,DeKalb,REP
41043,Linn,REP
51191,Washington,REP
41039,Lane,DEM
48477,Washington,DEM
21227,Warren,DEM
47073,Hawkins,REP
39037,Darke,DEM
48309,McLennan,DEM
55027,Dodge,REP
48029,Bexar,DEM
47179,Washington,REP
41019,Douglas,DEM
27153,Todd,REP
27097,Morrison,DEM
48181,Grayson,REP
19167,Sioux,DEM
48251,Johnson,REP
48497,Wise,REP
48491,Williamson,REP
16027,Canyon,REP
12105,Polk,DEM
48223,Hopkins,DEM
29091,Howell,DEM
48015,Austin,REP
21093,Hardin,REP
48257,Kaufman,DEM
6079,San Luis Obispo,REP
48187,Guadalupe,REP
40081,Lincoln,DEM
51165,Rockingham,REP
6111,Ventura,REP
48493,Wilson,REP
29109,Lawrence,REP
36013,Chautauqua,REP
29145,Newton,REP
6007,Butte,DEM
53063,Spokane,REP
48021,Bastrop,DEM
41071,Yamhill,DEM
47165,Sumner,REP
47189,Wilson,REP
48289,Leon,REP
48143,Erath,REP
48213,Henderson,DEM
42133,York,REP
48027,Bell,REP
48423,Smith,REP
29167,Polk,DEM
41029,Jackson,DEM
49049,Utah,DEM
29009,Barry,REP
17099,LaSalle,REP
41067,Washington,REP
48177,Gonzales,REP
48331,Milam,DEM
27171,Wright,DEM
29215,Texas,REP
29225,Webster,REP
29071,Franklin,DEM
47103,Lincoln,DEM
55017,Chippewa,REP
29101,Johnson,REP
51169,Scott,DEM
17113,McLean,DEM
27045,Fillmore,REP
48139,Ellis,DEM
19149,Plymouth,DEM
48287,Lee,REP
48217,Hill,REP
19109,Kossuth,REP
29037,Cass,DEM
48001,Anderson,DEM
48121,Denton,REP
40079,Le Flore,REP
42011,Berks,DEM
21085,Grayson,DEM
47025,Claiborne,DEM
19061,Dubuque,REP
48201,Harris,DEM
21099,Hart,DEM
48123,DeWitt,DEM
47119,Maury,DEM
55005,Barron,REP
27049,Goodhue,DEM
39169,Wayne,REP
17105,Livingston,REP
12083,Marion,REP
55081,Monroe,REP
21211,Shelby,REP
51015,Augusta,DEM
48147,Fannin,REP
21027,Breckinridge,REP
47149,Rutherford,DEM
4013,Maricopa,DEM
48073,Cherokee,REP
48277,Lamar,REP
47099,Lawrence,DEM
39015,Brown,DEM
40051,Grady,REP
40121,Pittsburg,DEM
47055,Giles,REP
19113,Linn,DEM
21045,Casey,REP
6071,San Bernardino,DEM
19043,Clayton,DEM
10005,Sussex,REP
48039,Brazoria,REP
55115,Shawano,REP
55039,Fond du Lac,REP
40015,Caddo,DEM
48089,Colorado,REP
21001,Adair,REP
39075,Holmes,REP
5145,White,DEM
17001,Adams,DEM
17075,Iroquois,DEM
53025,Grant,DEM
48325,Medina,DEM
42125,Washington,REP
12086,Miami-Dade,DEM
21151,Madison,DEM
18039,Elkhart,DEM
26151,Sanilac,REP
26005,Allegan,DEM
17019,Champaign,DEM
40089,McCurtain,DEM
36089,St. Lawrence,REP
48093,Comanche,DEM
6029,Kern,DEM
19191,Winneshiek,REP
1095,Marshall,REP
40013,Bryan,REP
29229,Wright,REP
47147,Robertson,DEM
18087,LaGrange,REP
21137,Lincoln,DEM
37101,Johnston,REP
48225,Houston,REP
20173,Sedgwick,REP
18003,Allen,DEM
6039,Madera,DEM
47163,Sullivan,REP
55021,Columbia,REP
48215,Hidalgo,DEM
48349,Navarro,REP
55095,Polk,DEM
55121,Trempealeau,REP
47111,Macon,REP
48171,Gillespie,DEM
31109,Lancaster,REP
55033,Dunn,REP
29097,Jasper,DEM
17073,Henry,REP
55087,Outagamie,DEM
48185,Grimes,DEM
20155,Reno,DEM
16083,Twin Falls,REP
21179,Nelson,DEM
19065,Fayette,REP
55109,St. Croix,REP
29043,Christian,DEM
51143,Pittsylvania,REP
48499,Wood,REP
55071,Manitowoc,REP
40131,Rogers,REP
8077,Mesa,DEM
37061,Duplin,DEM
26021,Berrien,REP
39001,Adams,REP
39137,Putnam,DEM
53073,Whatcom,DEM
55111,Sauk,DEM
40049,Garvin,REP
51105,Lee,REP
29105,Laclede,REP
39107,Mercer,REP
53011,Clark,DEM
6103,Tehama,DEM
37151,Randolph,REP
40101,Muskogee,DEM
42015,Bradford,DEM
29027,Callaway,DEM
48051,Burleson,REP
47177,Warren,DEM
6083,Santa Barbara,REP
48097,Cooke,DEM
6067,Sacramento,REP
19045,Clinton,REP
47003,Bedford,REP
40097,Mayes,REP
6037,Los Angeles,REP
31041,Custer,DEM
24021,Frederick,REP
19155,Pottawattamie,REP
55105,Rock,DEM
41059,Umatilla,REP
26063,Huron,REP
19055,Delaware,REP
29147,Nodaway,DEM
17173,Shelby,REP
48401,Rusk,REP
19097,Jackson,REP
26145,Saginaw,REP
37171,Surry,DEM
27129,Renville,REP
53047,Okanogan,REP
37163,Sampson,DEM
21125,Laurel,DEM
34019,Hunterdon,REP
46099,Minnehaha,REP
55055,Jefferson,REP
47187,Williamson,REP
19011,Benton,DEM
20015,Butler,REP
26139,Ottawa,REP
42055,Franklin,REP
17119,Madison,DEM
29107,Lafayette,REP
48085,Collin,REP
27127,Redwood,REP
29159,Pettis,REP
53061,Snohomish,DEM
20113,McPherson,REP
29217,Vernon,DEM
47057,Grainger,DEM
17117,Macoupin,DEM
29019,Boone,DEM
39089,Licking,DEM
36101,Steuben,DEM
29067,Douglas,DEM
5009,Boone,DEM
48395,Robertson,REP
51019,Bedford,DEM
40125,Pottawatomie,DEM
48161,Freestone,REP
27109,Olmsted,REP
16011,Bingham,DEM
19193,Woodbury,REP
37115,Madison,REP
53033,King,REP
19171,Tama,REP
21059,Daviess,REP
27105,Nobles,REP
31155,Saunders,DEM
47089,Jefferson,REP
48013,Atascosa,REP
29013,Bates,DEM
55049,Iowa,REP
40041,Delaware,DEM
19047,Crawford,DEM
26091,Lenawee,DEM
20121,Miami,DEM
31089,Holt,REP
35013,Dona Ana,DEM
39147,Seneca,DEM
18061,Harrison,REP
1103,Morgan,REP
17011,Bureau,DEM
19181,Warren,DEM
42029,Chester,REP
27099,Mower,REP
48293,Limestone,REP
26037,Clinton,DEM
20191,Sumner,REP
21003,Allen,REP
27015,Brown,REP
1077,Lauderdale,REP
40037,Creek,REP
5087,Madison,REP
19099,Jasper,REP
55093,Pierce,DEM
47093,Knox,REP
48347,Nacogdoches,DEM
1071,Jackson,REP
55135,Waupaca,REP
16001,Ada,DEM
29031,Cape Girardeau,DEM
40047,Garfield,DEM
21141,Logan,DEM
48337,Montague,DEM
42049,Erie,REP
1009,Blount,REP
21087,Green,DEM
37193,Wilkes,DEM
6061,Placer,DEM
48157,Fort Bend,REP
19027,Carroll,REP
40119,Payne,DEM
19019,Buchanan,DEM
17067,Hancock,REP
29151,Osage,DEM
48481,Wharton,DEM
22113,Vermilion,DEM
26115,Monroe,REP
37097,Iredell,DEM
42039,Crawford,REP
6101,Sutter,DEM
17051,Fayette,DEM
19023,Butler,REP
48133,Eastland,REP
27047,Freeborn,REP
39071,Highland,DEM
21069,Fleming,REP
29059,Dallas,REP
55045,Green,DEM
8069,Larimer,REP
26159,Van Buren,DEM
37047,Columbus,REP
19119,Lyon,DEM
31067,Gage,DEM
37155,Robeson,REP
26081,Kent,DEM
27085,McLeod,DEM
27119,Polk,REP
21083,Graves,DEM
21047,Christian,DEM
26155,Shiawassee,REP
37021,Buncombe,DEM
26087,Lapeer,REP
29121,Macon,REP
55065,Lafayette,DEM
19103,Johnson,REP
21097,Harrison,REP
48049,Brown,DEM
17057,Fulton,REP
22097,St. Landry,REP
47141,Putnam,DEM
40137,Stephens,REP
29131,Miller,REP
31107,Knox,REP
12069,Lake,REP
39151,Stark,DEM
17177,Stephenson,DEM
42129,Westmoreland,REP
45007,Anderson,REP
19141,O'Brien,DEM
51167,Russell,REP
53041,Lewis,DEM
26045,Eaton,REP
27067,Kandiyohi,DEM
55009,Brown,REP
39083,Knox,DEM
17183,Vermilion,DEM
47159,Smith,DEM
27131,Rice,DEM
5045,Faulkner,REP
53065,Stevens,DEM
40035,Craig,DEM
48459,Upshur,DEM
40113,Osage,REP
53007,Chelan,DEM
18027,Daviess,REP
24013,Carroll,DEM
38101,Ward,DEM
48419,Shelby,DEM
5015,Carroll,DEM
17195,Whiteside,DEM
27013,Blue Earth,DEM
53053,Pierce,DEM
17049,Effingham,REP
37169,Stokes,DEM
31141,Platte,REP
26025,Calhoun,DEM
41017,Deschutes,REP
20131,Nemaha,REP
21169,Metcalfe,DEM
42085,Mercer,REP
20103,Leavenworth,DEM
21229,Washington,DEM
17141,Ogle,DEM
19017,Bremer,DEM
27091,Martin,REP
41045,Malheur,REP
47185,White,REP
37179,Union,DEM
40123,Pontotoc,REP
12001,Alachua,REP
29119,McDonald,DEM
51083,Halifax,DEM
18001,Adams,REP
27093,Meeker,DEM
26157,Tuscola,REP
39135,Preble,DEM
46013,Brown,REP
18085,Kosciusko,DEM
39119,Muskingum,DEM
20085,Jackson,DEM
17135,Montgomery,REP
21081,Grant,REP
37009,Ashe,DEM
29135,Moniteau,DEM
27143,Sibley,REP
47009,Blount,DEM
53005,Benton,DEM
55117,Sheboygan,REP
19165,Shelby,DEM
49005,Cache,REP
40019,Carter,REP
48145,Falls,DEM
55103,Richland,DEM
36065,Oneida,REP
48255,Karnes,DEM
55141,Wood,DEM
21155,Marion,REP
21217,Taylor,DEM
29051,Cole,REP
31019,Buffalo,DEM
42019,Butler,REP
47043,Dickson,REP
21207,Russell,DEM
39007,Ashtabula,REP
41053,Polk,DEM
27005,Becker,REP
39173,Wood,REP
19121,Madison,REP
45051,Horry,DEM
40005,Atoka,DEM
27169,Winona,REP
19013,Black Hawk,DEM
6045,Mendocino,REP
19187,Webster,DEM
20115,Marion,REP
40017,Canadian,REP
45083,Spartanburg,REP
29177,Ray,REP
31027,Cedar,REP
19105,Jones,DEM
26147,St. Clair,REP
26161,Washtenaw,DEM
40021,Cherokee,DEM
27115,Pine,DEM
40001,Adair,DEM
48203,Harrison,DEM
21183,Ohio,DEM
47051,Franklin,DEM
21167,Mercer,DEM
19123,Mahaska,DEM
22105,Tangipahoa,REP
6021,Glenn,DEM
29007,Audrain,REP
47107,McMinn,DEM
48469,Victoria,DEM
19031,Cedar,REP
20087,Jefferson,DEM
26059,Hillsdale,DEM
48037,Bowie,REP
26075,Jackson,REP
31039,Cuming,DEM
48099,Coryell,DEM
48453,Travis,DEM
20117,Marshall,REP
21171,Monroe,DEM
48035,Bosque,REP
21043,Carter,REP
40149,Washita,DEM
17191,Wayne,DEM
39109,Miami,DEM
26067,Ionia,REP
39029,Columbiana,REP
48041,Brazos,REP
20035,Cowley,REP
29041,Chariton,DEM
27041,Douglas,REP
17167,Sangamon,DEM
27043,Faribault,REP
39063,Hancock,REP
29113,Lincoln,REP
19037,Chickasaw,REP
40071,Kay,REP
47117,Marshall,DEM
48439,Tarrant,DEM
5083,Logan,REP
27063,Jackson,REP
36029,Erie,DEM
47029,Cocke,DEM
48053,Burnet,DEM
42111,Somerset,DEM
6055,Napa,REP
35039,Rio Arriba,DEM
17149,Pike,REP
48055,Caldwell,DEM
46125,Turner,DEM
48387,Red River,DEM
26023,Branch,REP
30081,Ravalli,REP
18113,Noble,DEM
22009,Avoyelles,REP
39011,Auglaize,REP
17103,Lee,DEM
17179,Tazewell,REP
21103,Henry,DEM
39045,Fairfield,DEM
48131,Duval,REP
49003,Box Elder,REP
42041,Cumberland,DEM
25027,Worcester,REP
46067,Hutchinson,DEM
17095,Knox,REP
5063,Independence,REP
37081,Guilford,DEM
55119,Taylor,DEM
38093,Stutsman,DEM
17197,Will,DEM
19077,Guthrie,REP
31111,Lincoln,DEM
38055,McLean,REP
40111,Okmulgee,REP
55083,Oconto,REP
19125,Marion,REP
27089,Marshall,DEM
20099,Labette,REP
40031,Comanche,DEM
42009,Bedford,REP
6085,Santa Clara,DEM
37197,Yadkin,REP
39005,Ashland,DEM
12049,Hardee,DEM
19005,Allamakee,DEM
20125,Montgomery,REP
20059,Franklin,REP
37037,Chatham,DEM
18175,Washington,REP
40115,Ottawa,REP
40135,Sequoyah,DEM
19095,Iowa,REP
46083,Lincoln,REP
55023,Crawford,DEM
36009,Cattaraugus,DEM
12121,Suwannee,REP
27083,Lyon,DEM
29083,Henry,REP
1079,Lawrence,DEM
18099,Marshall,DEM
55011,Buffalo,REP
55035,Eau Claire,REP
18055,Greene,REP
19083,Hardin,REP
48339,Montgomery,DEM
18137,Ripley,REP
46011,Brookings,REP
18077,Jefferson,REP
30047,Lake,DEM
55097,Portage,DEM
38017,Cass,REP
39139,Richland,DEM
39157,Tuscarawas,REP
20041,Dickinson,REP
38059,Morton,REP
38077,Richland,DEM
17143,Peoria,REP
19035,Cherokee,REP
48193,Hamilton,DEM
51067,Franklin,REP
39149,Shelby,DEM
27055,Houston,DEM
27173,Yellow Medicine,DEM
21191,Pendleton,REP
17157,Randolph,REP
30111,Yellowstone,DEM
27157,Wabasha,DEM
39103,Medina,DEM
40133,Seminole,DEM
17027,Clinton,REP
39003,Allen,REP
5115,Pope,REP
19183,Washington,REP
29207,Stoddard,DEM
51035,Carroll,DEM
8029,Delta,REP
12127,Volusia,REP
17203,Woodford,DEM
48441,Taylor,DEM
17163,St. Clair,REP
39069,Henry,REP
47053,Gibson,REP
17081,Jefferson,REP
42001,Adams,DEM
55061,Kewaunee,REP
47123,Monroe,REP
48291,Liberty,DEM
48303,Lubbock,DEM
29163,Pike,REP
18135,Randolph,DEM
26117,Montcalm,DEM
27073,Lac qui Parle,DEM
36045,Jefferson,DEM
42075,Lebanon,REP
45075,Orangeburg,REP
51077,Grayson,DEM
47155,Sevier,REP
19081,Hancock,DEM
27101,Murray,REP
47125,Montgomery,REP
19161,Sac,DEM
19021,Buena Vista,REP
37057,Davidson,REP
1003,Baldwin,REP
6031,Kings,REP
21079,Garrard,DEM
17085,Jo Daviess,DEM
17121,Marion,REP
46109,Roberts,REP
19051,Davis,REP
48473,Waller,DEM
39167,Washington,DEM
19151,Pocahontas,REP
21163,Meade,DEM
21187,Owen,DEM
26057,Gratiot,DEM
51061,Fauquier,DEM
51107,Loudoun,DEM
6053,Monterey,REP
17111,McHenry,REP
27009,Benton,DEM
39017,Butler,REP
29033,Carroll,REP
1083,Limestone,REP
26073,Isabella,DEM
19025,Calhoun,DEM
19169,Story,REP
21049,Clark,DEM
37157,Rockingham,REP
40023,Choctaw,REP
49057,Weber,REP
19107,Keokuk,REP
19049,Dallas,DEM
27135,Roseau,REP
19069,Franklin,DEM
19085,Harrison,DEM
19089,Howard,REP
40083,Logan,DEM
19029,Cass,DEM
40027,Cleveland,DEM
1089,Madison,DEM
21123,Larue,DEM
19145,Page,REP
38049,McHenry,DEM
20139,Osage,REP
27019,Carver,DEM
36117,Wayne,REP
18093,Lawrence,REP
19157,Poweshiek,REP
29141,Morgan,REP
29157,Perry,DEM
37191,Wayne,DEM
41035,Klamath,DEM
28067,Jones,REP
29195,Saline,DEM
22041,Franklin,REP
29057,Dade,DEM
31159,Seward,REP
40073,Kingfisher,DEM
29015,Benton,REP
17091,Kankakee,REP
47031,Coffee,DEM
29039,Cedar,DEM
19163,Scott,DEM
40087,McClain,REP
19127,Marshall,DEM
22079,Rapides,REP
27033,Cottonwood,REP
29011,Barton,REP
39065,Hardin,REP
22117,Washington,REP
48067,Cass,REP
36077,Otsego,DEM
21209,Scott,DEM
29053,Cooper,DEM
6089,Shasta,DEM
31003,Antelope,REP
26149,St. Joseph,REP
27079,Le Sueur,REP
29125,Maries,REP
47183,Weakley,DEM
39155,Trumbull,REP
17109,McDonough,DEM
20177,Shawnee,REP
6023,Humboldt,DEM
27139,Scott,DEM
5149,Yell,REP
40109,Oklahoma,DEM
21203,Rockcastle,REP
27037,Dakota,DEM
17137,Morgan,DEM
20111,Lyon,DEM
17037,DeKalb,DEM
21089,Greenup,DEM
31119,Madison,DEM
36011,Cayuga,DEM
5033,Crawford,REP
20201,Washington,DEM
39143,Sandusky,REP
46005,Beadle,DEM
5113,Polk,REP
12101,Pasco,DEM
51173,Smyth,REP
19007,Appanoose,REP
39021,Champaign,DEM
47133,Overton,REP
53067,Thurston,DEM
18075,Jay,REP
17021,Christian,REP
21231,Wayne,DEM
30029,Flathead,REP
18065,Henry,REP
13045,Carroll,DEM
18071,Jackson,DEM
26015,Barry,DEM
29003,Andrew,DEM
29153,Ozark,DEM
19079,Hamilton,DEM
29025,Caldwell,REP
38105,Williams,DEM
21017,Bourbon,REP
29061,Daviess,REP
29115,Linn,DEM
37087,Haywood,DEM
40091,McIntosh,REP
47091,Johnson,REP
54077,Preston,DEM
8125,Yuma,DEM
40039,Custer,DEM
48365,Panola,DEM
56013,Fremont,DEM
18037,Dubois,REP
19001,Adair,REP
19067,Floyd,REP
20045,Douglas,REP
19111,Lee,REP
1039,Covington,REP
21135,Lewis,REP
27147,Steele,REP
39113,Montgomery,DEM
18133,Putnam,DEM
23003,Aroostook,REP
40145,Wagoner,DEM
19015,Boone,DEM
29073,Gasconade,REP
29137,Monroe,DEM
38003,Barnes,REP
39053,Gallia,REP
24043,Washington,REP
48061,Cameron,REP
8075,Logan,DEM
20037,Crawford,DEM
38015,Burleigh,DEM
39025,Clermont,DEM
42117,Tioga,REP
39031,Coshocton,DEM
39093,Lorain,REP
51171,Shenandoah,REP
48399,Runnels,REP
21109,Jackson,DEM
27025,Chisago,DEM
55139,Winnebago,REP
1055,Etowah,DEM
21011,Bath,DEM
29081,Harrison,DEM
48451,Tom Green,REP
39051,Fulton,REP
20011,Bourbon,REP
27117,Pipestone,REP
55131,Washington,REP
31131,Otoe,REP
18047,Franklin,REP
47017,Carroll,REP
53075,Whitman,REP
29149,Oregon,DEM
42081,Lycoming,REP
12063,Jackson,DEM
15009,Maui,REP
29017,Bollinger,DEM
1059,Franklin,REP
27121,Pope,DEM
27133,Rock,DEM
39077,Huron,DEM
46093,Meade,DEM
19147,Palo Alto,DEM
39039,Defiance,DEM
17045,Edgar,REP
1061,Geneva,REP
21161,Mason,DEM
34037,Sussex,REP
40061,Haskell,REP
26049,Genesee,DEM
19075,Grundy,REP
17189,Washington,REP
38089,Stark,DEM
39059,Guernsey,DEM
40063,Hughes,DEM
47041,DeKalb,DEM
26065,Ingham,DEM
42051,Fayette,REP
19131,Mitchell,REP
40093,Major,DEM
51063,Floyd,DEM
27095,Mille Lacs,REP
31053,Dodge,DEM
20149,Pottawatomie,DEM
31023,Butler,DEM
6033,Lake,REP
20021,Cherokee,REP
47077,Henderson,REP
36017,Chenango,REP
17107,Logan,REP
27027,Clay,DEM
46023,Charles Mix,DEM
18017,Cass,REP
18091,LaPorte,DEM
47079,Henry,REP
15003,Honolulu,REP
19179,Wapello,REP
40143,Tulsa,REP
46009,Bon Homme,REP
8085,Montrose,REP
16053,Jerome,DEM
37183,Wake,DEM
21175,Morgan,DEM
29001,Adair,DEM
19197,Wright,REP
21015,Boone,DEM
38009,Bottineau,DEM
19153,Polk,DEM
29211,Sullivan,DEM
48077,Clay,DEM
17131,Mercer,REP
19073,Greene,DEM
19133,Monona,REP
20095,Kingman,REP
39165,Warren,DEM
31011,Boone,DEM
55029,Door,DEM
19033,Cerro Gordo,REP
48313,Madison,REP
26017,Bay,REP
29175,Randolph,DEM
31151,Saline,REP
40011,Blaine,REP
48253,Jones,REP
53037,Kittitas,REP
10001,Kent,DEM
1031,Coffee,DEM
5049,Fulton,REP
6095,Solano,DEM
20079,Harvey,DEM
48059,Callahan,DEM
53017,Douglas,REP
55127,Walworth,REP
18063,Hendricks,REP
19139,Muscatine,DEM
47067,Hancock,DEM
34005,Burlington,DEM
55015,Calumet,DEM
8087,Morgan,DEM
27151,Swift,REP
48363,Palo Pinto,DEM
17079,Jasper,REP
39057,Greene,DEM
47063,Hamblen,REP
48471,Walker,DEM
45041,Florence,REP
18141,St. Joseph,REP
37159,Rowan,DEM
39091,Logan,DEM
39117,Morrow,REP
55063,La Crosse,REP
1069,Houston,REP
16051,Jefferson,DEM
18177,Wayne,REP
34025,Monmouth,REP
38029,Emmons,DEM
13157,Jackson,REP
18095,Madison,DEM
39171,Williams,DEM
5047,Franklin,REP
21113,Jessamine,REP
27103,Nicollet,DEM
28049,Hinds,REP
36063,Niagara,REP
42063,Indiana,DEM
48083,Coleman,REP
19087,Henry,DEM
22011,Beauregard,DEM
40003,Alfalfa,DEM
38061,Mountrail,REP
16067,Minidoka,REP
40153,Woodward,REP
8121,Washington,DEM
29023,Butler,REP
30027,Fergus,REP
39161,Van Wert,DEM
41061,Union,REP
45063,Lexington,DEM
17115,Macon,DEM
19009,Audubon,DEM
21005,Anderson,DEM
24005,Baltimore,DEM
29095,Jackson,REP
47015,Cannon,REP
51003,Albemarle,REP
27161,Waseca,DEM
29185,St. Clair,DEM
18029,Dearborn,REP
20107,Linn,DEM
31139,Pierce,REP
39159,Union,REP
20009,Barton,REP
20157,Republic,REP
37085,Harnett,DEM
40105,Nowata,DEM
6113,Yolo,DEM
21061,Edmonson,DEM
37077,Granville,DEM
12095,Orange,REP
17187,Warren,DEM
40009,Beckham,REP
4003,Cochise,REP
18183,Whitley,REP
29209,Stone,DEM
29063,DeKalb,DEM
29065,Dent,REP
29161,Phelps,DEM
51197,Wythe,REP
42027,Centre,REP
30031,Gallatin,REP
38053,McKenzie,DEM
40053,Grant,DEM
48449,Titus,DEM
19173,Taylor,REP
37001,Alamance,DEM
39033,Crawford,REP
39133,Portage,DEM
48175,Goliad,REP
54025,Greenbrier,REP
16019,Bonneville,REP
31185,York,REP
42115,Susquehanna,REP
13069,Coffee,REP
47011,Bradley,REP
28099,Neshoba,REP
49013,Duchesne,REP
18157,Tippecanoe,DEM
34033,Salem,DEM
12119,Sumter,REP
31047,Dawson,DEM
55053,Jackson,REP
5029,Conway,REP
18169,Wabash,REP
20133,Neosho,REP
21053,Clinton,REP
37045,Cleveland,DEM
48239,Jackson,DEM
19185,Wayne,DEM
54053,Mason,REP
22019,Calcasieu,DEM
39141,Ross,DEM
29117,Livingston,DEM
40107,Okfuskee,REP
45045,Greenville,REP
46037,Day,REP
29021,Buchanan,DEM
31079,Hall,REP
26027,Cass,DEM
39027,Clinton,REP
48005,Angelina,DEM
48209,Hays,DEM
8041,El Paso,DEM
18103,Miami,REP
19101,Jefferson,REP
47105,Loudon,DEM
5131,Sebastian,REP
17061,Greene,DEM
21035,Calloway,REP
26077,Kalamazoo,DEM
28129,Smith,DEM
29049,Clinton,REP
5055,Greene,REP
5085,Lonoke,REP
39019,Carroll,DEM
28123,Scott,DEM
38019,Cavalier,DEM
39023,Clark,REP
45089,Williamsburg,REP
5031,Craighead,DEM
21173,Montgomery,REP
27039,Dodge,DEM
37125,Moore,DEM
27059,Isanti,REP
40103,Noble,DEM
48281,Lampasas,REP
19177,Van Buren,DEM
29139,Montgomery,REP
31025,Cass,DEM
18145,Shelby,REP
29187,St. Francois,REP
53021,Franklin,REP
8013,Boulder,DEM
18179,Wells,REP
27081,Lincoln,DEM
27137,St. Louis,DEM
53057,Skagit,DEM
8039,Elbert,DEM
27023,Chippewa,REP
38035,Grand Forks,DEM
19041,Clay,REP
34015,Gloucester,REP
49047,Uintah,REP
18147,Spencer,REP
20003,Anderson,REP
24037,St. Mary's,REP
37189,Watauga,REP
41009,Columbia,REP
50011,Franklin,DEM
17029,Coles,DEM
40127,Pushmataha,REP
48297,Live Oak,DEM
46135,Yankton,REP
5061,Howard,DEM
6017,El Dorado,REP
13119,Franklin,REP
22055,Lafayette,REP
46115,Spink,DEM
16031,Cassia,REP
30013,Cascade,DEM
18107,Montgomery,DEM
29055,Crawford,DEM
41011,Coos,REP
5057,Hempstead,REP
35041,Roosevelt,REP
40007,Beaver,DEM
26093,Livingston,REP
36121,Wyoming,REP
47019,Carter,DEM
13139,Hall,REP
40075,Kiowa,REP
22001,Acadia,DEM
37199,Yancey,REP
48189,Hale,REP
5023,Cleburne,DEM
36003,Allegany,DEM
36075,Oswego,DEM
36115,Washington,DEM
45091,York,DEM
18035,Delaware,REP
19039,Clarke,DEM
21021,Boyle,REP
18049,Fulton,REP
19143,Osceola,DEM
29183,St. Charles,REP
40129,Roger Mills,REP
19093,Ida,DEM
36025,Delaware,REP
1021,Chilton,REP
8067,La Plata,REP
21073,Franklin,DEM
38099,Walsh,DEM
40147,Washington,REP
46123,Tripp,DEM
17025,Clay,REP
18051,Gibson,DEM
19135,Monroe,REP
27065,Kanabec,DEM
42109,Snyder,DEM
17023,Clark,REP
38045,LaMoure,DEM
20051,Ellis,REP
24025,Harford,DEM
31037,Colfax,REP
31157,Scotts Bluff,REP
47035,Cumberland,REP
18069,Huntington,REP
20169,Saline,REP
26123,Newaygo,REP
48333,Mills,DEM
36069,Ontario,DEM
42059,Greene,REP
45073,Oconee,DEM
13071,Colquitt,DEM
17201,Winnebago,REP
27165,Watonwan,DEM
47047,Fayette,REP
17077,Jackson,DEM
18079,Jennings,DEM
29127,Marion,REP
31147,Richardson,REP
45003,Aiken,REP
47131,Obion,DEM
54035,Jackson,DEM
40117,Pawnee,REP
40043,Dewey,REP
42005,Armstrong,DEM
45059,Laurens,REP
8083,Montezuma,REP
48249,Jim Wells,REP
20005,Atchison,REP
21023,Bracken,DEM
55057,Juneau,REP
55107,Rusk,REP
24045,Wicomico,REP
27007,Beltrami,DEM
31177,Washington,REP
47087,Jackson,DEM
55047,Green Lake,REP
19175,Union,DEM
29099,Jefferson,REP
48321,Matagorda,REP
5065,Izard,REP
19091,Humboldt,DEM
48113,Dallas,REP
48237,Jack,DEM
48427,Starr,REP
5121,Randolph,REP
35047,San Miguel,REP
48221,Hood,REP
31093,Howard,REP
48259,Kendall,DEM
18033,DeKalb,DEM
18139,Rush,DEM
31095,Jefferson,REP
5127,Scott,DEM
18011,Boone,DEM
34041,Warren,REP
37067,Forsyth,DEM
51163,Rockbridge,DEM
5129,Searcy,DEM
27053,Hennepin,DEM
1097,Mobile,REP
38025,Dunn,REP
41003,Benton,REP
48025,Bee,REP
19159,Ringgold,REP
20089,Jewell,DEM
21067,Fayette,REP
29089,Howard,REP
18155,Switzerland,DEM
35045,San Juan,DEM
12027,DeSoto,REP
21031,Butler,DEM
29047,Clay,REP
31001,Adams,DEM
18019,Clark,DEM
20013,Brown,DEM
29165,Platte,DEM
46101,Moody,DEM
18073,Jasper,DEM
20001,Allen,REP
39041,Delaware,DEM
39111,Monroe,REP
40151,Woods,DEM
47081,Hickman,REP
49035,Salt Lake,DEM
16047,Gooding,DEM
6115,Yuba,REP
18119,Owen,REP
6011,Colusa,REP
36053,Madison,DEM
38005,Benson,REP
48503,Young,DEM
6093,Siskiyou,REP
40139,Texas,REP
55133,Waukesha,DEM
6013,Contra Costa,DEM
17035,Cumberland,DEM
18181,White,DEM
17041,Douglas,DEM
16049,Idaho,REP
18031,Decatur,DEM
19057,Des Moines,REP
27163,Washington,DEM
39013,Belmont,REP
19053,Decatur,REP
19117,Lucas,REP
19195,Worth,DEM
29111,Lewis,REP
31179,Wayne,DEM
48091,Comal,REP
8063,Kit Carson,REP
13195,Madison,REP
20197,Wabaunsee,DEM
24023,Garrett,DEM
46039,Deuel,REP
42073,Lawrence,DEM
28079,Leake,REP
20057,Ford,REP
27021,Cass,DEM
46051,Grant,DEM
46077,Kingsbury,REP
6087,Santa Cruz,DEM
38103,Wells,REP
41033,Josephine,REP
47109,McNairy,REP
55075,Marinette,DEM
48411,San Saba,REP
17089,Kane,DEM
39175,Wyandot,REP
29205,Shelby,REP
20183,Smith,DEM
29079,Grundy,REP
42087,Mifflin,DEM
46053,Gregory,DEM
27159,Wadena,DEM
42127,Wayne,REP
46087,McCook,REP
21219,Todd,DEM
39129,Pickaway,DEM
47181,Wayne,DEM
51031,Campbell,REP
48265,Kerr,DEM
5075,Lawrence,DEM
36049,Lewis,DEM
51117,Mecklenburg,REP
17005,Bond,DEM
42017,Bucks,DEM
46029,Codington,DEM
16041,Franklin,REP
21057,Cumberland,DEM
28101,Newton,DEM
28127,Simpson,DEM
46025,Clark,REP
50001,Addison,REP
17015,Carroll,DEM
21181,Nicholas,REP
31081,Hamilton,DEM
36043,Herkimer,REP
49039,Sanpete,DEM
17161,Rock Island,DEM
18109,Morgan,DEM
31169,Thayer,REP
39097,Madison,REP
46103,Pennington,DEM
18045,Fountain,REP
5071,Johnson,REP
13175,Laurens,DEM
54063,Monroe,REP
19003,Adams,REP
19189,Winnebago,REP
31051,Dixon,DEM
18005,Bartholomew,DEM
28147,Walthall,DEM
39145,Scioto,REP
48279,Lamb,REP
18053,Grant,DEM
20027,Clay,DEM
27029,Clearwater,REP
39055,Geauga,DEM
42037,Columbia,REP
31121,Merrick,DEM
35061,Valencia,REP
36123,Yates,REP
37017,Bladen,REP
1101,Montgomery,REP
20031,Coffey,REP
20091,Johnson,DEM
26107,Mecosta,REP
28109,Pearl River,DEM
31033,Cheyenne,REP
18131,Pulaski,DEM
21239,Woodford,REP
29045,Clark,DEM
529,RHODE ISLAND,REP
31059,Fillmore,REP
5137,Stone,REP
21029,Bullitt,DEM
29029,Camden,DEM
29186,Ste. Genevieve,REP
37033,Caswell,REP
39125,Paulding,DEM
1093,Marion,REP
20029,Cloud,REP
21177,Muhlenberg,DEM
55137,Waushara,DEM
31161,Sheridan,DEM
53071,Walla Walla,REP
1015,Calhoun,REP
40045,Ellis,DEM
40065,Jackson,DEM
18059,Hancock,REP
27001,Aitkin,DEM
31143,Polk,REP
39121,Noble,DEM
40069,Johnston,REP
1133,Winston,DEM
18015,Carroll,REP
18023,Clinton,REP
21157,Marshall,REP
56015,Goshen,REP
29075,Gentry,REP
31031,Cherry,DEM
22039,Evangeline,DEM
47167,Tipton,REP
18083,Knox,DEM
26127,Oceana,DEM
47065,Hamilton,REP
47157,Shelby,DEM
8001,Adams,REP
19137,Montgomery,REP
20073,Greenwood,REP
36051,Livingston,DEM
40077,Latimer,REP
1111,Randolph,DEM
8101,Pueblo,DEM
39115,Morgan,REP
40085,Love,DEM
45081,Saluda,DEM
22031,De Soto,REP
42043,Dauphin,REP
28115,Pontotoc,REP
38037,Grant,REP
39127,Perry,DEM
46079,Lake,REP
21107,Hopkins,REP
18057,Hamilton,DEM
49027,Millard,REP
1115,St. Clair,DEM
16005,Bannock,REP
36067,Onondaga,REP
9005,Litchfield,DEM
17053,Ford,REP
28139,Tippah,DEM
30009,Carbon,DEM
30105,Valley,REP
24011,Caroline,REP
28107,Panola,DEM
38067,Pembina,REP
40141,Tillman,REP
42099,Perry,REP
48415,Scurry,DEM
48463,Uvalde,DEM
5133,Sevier,REP
16057,Latah,DEM
39099,Mahoning,REP
41051,Multnomah,DEM
1109,Pike,DEM
12059,Holmes,DEM
18021,Clay,DEM
29171,Putnam,DEM
34011,Cumberland,DEM
42061,Huntingdon,DEM
54027,Hampshire,REP
54033,Harrison,DEM
17199,Williamson,REP
42107,Schuylkill,REP
48241,Jasper,DEM
21215,Spencer,REP
28085,Lincoln,REP
20135,Ness,DEM
20205,Wilson,REP
28145,Union,REP
42067,Juniata,REP
48031,Blanco,DEM
48019,Bandera,REP
21063,Elliott,DEM
21223,Trimble,DEM
42097,Northumberland,DEM
28121,Rankin,DEM
54071,Pendleton,REP
5021,Clay,DEM
13129,Gordon,DEM
16055,Kootenai,REP
29103,Knox,DEM
31167,Stanton,REP
38021,Dickey,DEM
18081,Johnson,REP
28137,Tate,DEM
35037,Quay,DEM
46127,Union,DEM
50019,Orleans,DEM
51141,Patrick,REP
37069,Franklin,DEM
17133,Monroe,DEM
27107,Norman,REP
40029,Coal,DEM
40033,Cotton,REP
5135,Sharp,DEM
36071,Orange,DEM
29085,Hickory,REP
41001,Baker,REP
12081,Manatee,DEM
17159,Richland,REP
31035,Clay,REP
55101,Racine,REP
29173,Ralls,REP
37167,Stanly,REP
5089,Marion,DEM
9011,New London,REP
19063,Emmet,REP
21101,Henderson,DEM
28081,Lee,DEM
47173,Union,REP
27017,Carlton,DEM
48207,Haskell,DEM
5141,Van Buren,REP
39101,Marion,DEM
56029,Park,REP
16075,Payette,REP
51085,Hanover,DEM
17033,Crawford,REP
20147,Phillips,DEM
21213,Simpson,DEM
48165,Gaines,DEM
54055,Mercer,DEM
17083,Jersey,DEM
18153,Sullivan,REP
24033,Prince George's,DEM
31021,Burt,DEM
37147,Pitt,REP
20141,Osborne,REP
23019,Penobscot,DEM
13001,Appling,DEM
17055,Franklin,DEM
19059,Dickinson,REP
28093,Marshall,REP
37059,Davie,REP
39087,Lawrence,DEM
49011,Davis,REP
17145,Perry,DEM
21111,Jefferson,DEM
12023,Columbia,DEM
13295,Walker,DEM
19071,Fremont,REP
19129,Mills,REP
25023,Plymouth,REP
48151,Fisher,DEM
48373,Polk,REP
16045,Gem,DEM
21037,Campbell,REP
38057,Mercer,REP
5101,Newton,REP
9003,Hartford,REP
22069,Natchitoches,REP
45077,Pickens,REP
48455,Trinity,REP
21033,Caldwell,REP
27149,Stevens,DEM
29199,Scotland,REP
18105,Monroe,DEM
38023,Divide,DEM
29219,Warren,DEM
48117,Deaf Smith,DEM
13031,Bulloch,REP
31129,Nuckolls,DEM
37003,Alexander,DEM
42007,Beaver,REP
6069,San Benito,REP
37127,Nash,DEM
1051,Elmore,REP
8009,Baca,REP
39009,Athens,DEM
53043,Lincoln,REP
13267,Tattnall,REP
47085,Humphreys,REP
32001,Churchill,REP
35009,Curry,REP
47071,Hardin,DEM
51139,Page,DEM
27035,Crow Wing,REP
29213,Taney,DEM
42021,Cambria,DEM
13117,Forsyth,REP
20159,Rice,DEM
35005,Chaves,DEM
36057,Montgomery,DEM
45029,Colleton,DEM
46019,Butte,REP
47145,Roane,DEM
18117,Orange,REP
18167,Vigo,DEM
21051,Clay,DEM
22033,East Baton Rouge,REP
29169,Pulaski,DEM
38071,Ramsey,DEM
28091,Marion,DEM
30015,Chouteau,REP
21055,Crittenden,DEM
22083,Richland,DEM
36107,Tioga,DEM
46105,Perkins,REP
51023,Botetourt,REP
51121,Montgomery,REP
24031,Montgomery,REP
27003,Anoka,REP
28029,Copiah,DEM
36007,Broome,DEM
37035,Catawba,DEM
48307,McCulloch,REP
48319,Mason,REP
16073,Owyhee,REP
20143,Ottawa,DEM
27141,Sherburne,REP
28159,Winston,DEM
38069,Pierce,DEM
48219,Hockley,DEM
12099,Palm Beach,DEM
18067,Howard,REP
20105,Lincoln,DEM
35025,Lea,DEM
36037,Genesee,REP
37107,Lenoir,DEM
47027,Clay,REP
17123,Marshall,REP
28031,Covington,DEM
29069,Dunklin,DEM
39047,Fayette,DEM
39105,Meigs,DEM
8035,Douglas,DEM
19115,Louisa,REP
28095,Monroe,REP
36095,Schoharie,REP
48369,Parmer,REP
51069,Frederick,REP
22053,Jefferson Davis,REP
13131,Grady,REP
45071,Newberry,DEM
46059,Hand,DEM
48381,Randall,REP
21205,Rowan,REP
22115,Vernon,DEM
29201,Scott,REP
20077,Harper,DEM
25015,Hampshire,REP
54107,Wood,DEM
26099,Macomb,REP
47021,Cheatham,REP
20127,Morris,DEM
48159,Franklin,DEM
18123,Perry,REP
22123,West Carroll,DEM
47007,Bledsoe,REP
47045,Dyer,DEM
31013,Box Butte,REP
31097,Johnson,REP
5091,Miller,DEM
35001,Bernalillo,DEM
36033,Franklin,REP
37005,Alleghany,REP
41027,Hood River,DEM
1033,Colbert,REP
8099,Prowers,REP
13011,Banks,REP
30085,Roosevelt,DEM
45001,Abbeville,REP
38043,Kidder,REP
39123,Ottawa,DEM
20193,Thomas,REP
5111,Poinsett,REP
20043,Doniphan,DEM
20123,Mitchell,DEM
21117,Kenton,DEM
29197,Schuyler,DEM
53039,Klickitat,REP
16017,Bonner,REP
29181,Ripley,DEM
31127,Nemaha,DEM
46045,Edmunds,REP
50027,Windsor,REP
48163,Frio,REP
23011,Kennebec,REP
28113,Pike,REP
37089,Henderson,REP
48299,Llano,DEM
48485,Wichita,REP
17007,Boone,REP
24017,Charles,REP
38013,Burke,DEM
13057,Cherokee,REP
20167,Russell,DEM
28033,DeSoto,DEM
38051,McIntosh,REP
17147,Piatt,REP
21091,Hancock,REP
56021,Laramie,REP
430,ALASKA,DEM
8089,Otero,REP
12055,Highlands,DEM
17181,Union,DEM
35057,Torrance,DEM
38047,Logan,DEM
17125,Mason,REP
38097,Traill,REP
47113,Madison,DEM
54031,Hardy,DEM
29129,Mercer,DEM
56033,Sheridan,REP
1121,Talladega,DEM
20165,Rush,DEM
21065,Estill,DEM
30041,Hill,REP
37161,Rutherford,DEM
1041,Crenshaw,DEM
25005,Bristol,DEM
25011,Franklin,REP
29221,Washington,DEM
31163,Sherman,DEM
45025,Chesterfield,REP
18151,Steuben,DEM
27051,Grant,REP
50017,Orange,REP
50021,Rutland,REP
48379,Rains,REP
12033,Escambia,DEM
17093,Kendall,REP
31137,Phelps,DEM
54079,Putnam,REP
17039,De Witt,REP
1013,Butler,REP
12079,Madison,REP
23031,York,DEM
28153,Wayne,DEM
8043,Fremont,REP
18127,Porter,REP
20185,Stafford,REP
31175,Valley,REP
38063,Nelson,DEM
51185,Tazewell,DEM
25017,Middlesex,DEM
35035,Otero,REP
38081,Sargent,REP
47049,Fentress,REP
56003,Big Horn,DEM
17063,Grundy,REP
20195,Trego,REP
22037,East Feliciana,REP
41013,Crook,REP
45057,Lancaster,REP
46057,Hamlin,DEM
48305,Lynn,REP
21237,Wolfe,DEM
48355,Nueces,REP
20153,Rawlins,REP
20161,Riley,REP
26133,Osceola,REP
27113,Pennington,DEM
53001,Adams,REP
8071,Las Animas,REP
17139,Moultrie,DEM
17169,Schuyler,REP
24003,Anne Arundel,REP
54087,Roane,DEM
56023,Lincoln,DEM
12075,Levy,REP
30099,Teton,DEM
48267,Kimble,REP
17013,Calhoun,DEM
17065,Hamilton,DEM
20063,Gove,DEM
26125,Oakland,REP
48437,Swisher,REP
20179,Sheridan,REP
31099,Kearney,REP
36023,Cortland,REP
42119,Union,DEM
20181,Sherman,DEM
28005,Amite,DEM
46035,Davison,DEM
28163,Yazoo,DEM
30005,Blaine,DEM
46043,Douglas,REP
51037,Charlotte,REP
38095,Towner,REP
54003,Berkeley,REP
48245,Jefferson,DEM
28017,Chickasaw,DEM
38079,Rolette,REP
46091,Marshall,REP
22023,Cameron,REP
31135,Perkins,DEM
30083,Richland,REP
37145,Person,DEM
47001,Anderson,DEM
47039,Decatur,DEM
47069,Hardeman,REP
13147,Hart,REP
21007,Ballard,DEM
22017,Caddo,REP
27167,Wilkin,DEM
29203,Shannon,REP
35055,Taos,DEM
37117,Martin,REP
54001,Barbour,DEM
56005,Campbell,DEM
6025,Imperial,DEM
22111,Union,REP
18121,Parke,REP
5005,Baxter,DEM
6001,Alameda,DEM
18007,Benton,DEM
26111,Midland,DEM
30091,Sheridan,DEM
31181,Webster,DEM
40067,Jefferson,REP
42031,Clarion,REP
47037,Davidson,REP
48087,Collingsworth,DEM
13137,Habersham,DEM
21233,Webster,REP
27011,Big Stone,REP
27061,Itasca,REP
36019,Clinton,DEM
48429,Stephens,DEM
54051,Marshall,DEM
29087,Holt,DEM
31065,Furnas,REP
35015,Eddy,DEM
13019,Berrien,DEM
42057,Fulton,DEM
46089,McPherson,REP
5059,Hot Spring,REP
12097,Osceola,REP
13275,Thomas,DEM
24047,Worcester,REP
31133,Pawnee,REP
36055,Monroe,REP
39049,Franklin,DEM
51047,Culpeper,REP
30063,Missoula,REP
1127,Walker,DEM
12113,Santa Rosa,DEM
18089,Lake,DEM
41063,Wallowa,REP
47013,Campbell,DEM
36073,Orleans,REP
37025,Cabarrus,REP
46031,Corson,REP
21153,Magoffin,DEM
27069,Kittson,DEM
28065,Jefferson Davis,DEM
37051,Cumberland,DEM
38073,Ransom,REP
5093,Mississippi,DEM
17071,Henderson,REP
20007,Barber,DEM
20053,Ellsworth,DEM
28089,Madison,DEM
40055,Greer,REP
48487,Wilbarger,DEM
12071,Lee,DEM
46003,Aurora,REP
48445,Terry,DEM
13321,Worth,REP
48153,Floyd,DEM
50005,Caledonia,DEM
51009,Amherst,REP
54097,Upshur,REP
6057,Nevada,REP
13115,Floyd,REP
16043,Fremont,REP
24015,Cecil,DEM
28075,Lauderdale,REP
1091,Marengo,DEM
20069,Gray,REP
48457,Tyler,DEM
1019,Cherokee,DEM
21149,McLean,REP
22085,Sabine,DEM
36091,Saratoga,REP
47097,Lauderdale,REP
48483,Wheeler,DEM
55089,Ozaukee,DEM
12009,Brevard,DEM
31125,Nance,REP
41065,Wasco,REP
1125,Tuscaloosa,REP
40099,Murray,REP
42091,Montgomery,REP
54061,Monongalia,DEM
1117,Shelby,DEM
6009,Calaveras,REP
13297,Walton,DEM
22103,St. Tammany,DEM
31045,Dawes,REP
37013,Beaufort,DEM
40059,Harper,REP
13027,Brooks,REP
21145,McCracken,REP
28057,Itawamba,REP
28103,Noxubee,DEM
48063,Camp,DEM
48167,Galveston,REP
48353,Nolan,DEM
51113,Madison,DEM
5109,Pike,DEM
17087,Johnson,REP
18129,Posey,REP
23025,Somerset,REP
31123,Morrill,REP
36083,Rensselaer,DEM
37109,Lincoln,DEM
1005,Barbour,REP
30049,Lewis and Clark,REP
46027,Clay,REP
17165,Saline,DEM
29005,Atchison,DEM
8021,Conejos,REP
16065,Madison,DEM
18171,Warren,REP
30003,Big Horn,DEM
1045,Dale,DEM
17127,Massac,REP
46097,Miner,REP
55077,Marquette,DEM
9015,Windham,DEM
37135,Orange,DEM
38041,Hettinger,DEM
38075,Renville,DEM
21185,Oldham,REP
5097,Montgomery,REP
13205,Mitchell,DEM
22077,Pointe Coupee,DEM
42065,Jefferson,DEM
48115,Dawson,DEM
8045,Garfield,DEM
15007,Kauai,REP
23005,Cumberland,DEM
36027,Dutchess,DEM
16087,Washington,DEM
20151,Pratt,REP
35059,Union,DEM
37195,Wilson,REP
48069,Castro,DEM
24009,Calvert,REP
28061,Jasper,DEM
35033,Mora,DEM
13313,Whitfield,DEM
20163,Rooks,DEM
26051,Gladwin,DEM
27057,Hubbard,DEM
26121,Muskegon,REP
36109,Tompkins,DEM
37133,Onslow,DEM
42077,Lehigh,REP
8073,Lincoln,REP
13091,Dodge,DEM
55091,Pepin,REP
1107,Pickens,REP
17193,White,REP
31061,Franklin,DEM
6049,Modoc,DEM
37015,Bertie,DEM
45047,Greenwood,DEM
51137,Orange,DEM
55069,Lincoln,DEM
26007,Alpena,REP
31015,Boyd,DEM
36021,Columbia,REP
46015,Brule,DEM
1099,Monroe,REP
21121,Knox,DEM
38083,Sheridan,REP
47075,Haywood,REP
18025,Crawford,DEM
31077,Greeley,DEM
39067,Harrison,REP
48009,Archer,DEM
48141,El Paso,REP
5099,Nevada,DEM
8107,Routt,DEM
30071,Phillips,DEM
45023,Chester,DEM
49015,Emery,REP
16007,Bear Lake,REP
21165,Menifee,REP
28069,Kemper,REP
31063,Frontier,DEM
42123,Warren,DEM
12053,Hernando,REP
20065,Graham,REP
47033,Crockett,DEM
47137,Pickett,DEM
22025,Catahoula,DEM
28007,Attala,REP
20055,Finney,DEM
40025,Cimarron,REP
41025,Harney,DEM
48409,San Patricio,DEM
31145,Red Willow,REP
34035,Somerset,DEM
20145,Pawnee,REP
22063,Livingston,REP
28003,Alcorn,DEM
20137,Norton,REP
25013,Hampden,DEM
28039,George,REP
29143,New Madrid,REP
36103,Suffolk,REP
39095,Lucas,DEM
42013,Blair,DEM
18041,Fayette,DEM
46111,Sanborn,DEM
18159,Tipton,DEM
26105,Mason,REP
28013,Calhoun,REP
28051,Holmes,REP
56031,Platte,REP
13013,Barrow,REP
30021,Dawson,REP
55099,Price,DEM
1047,Dallas,REP
1073,Jefferson,DEM
20119,Meade,REP
21235,Whitley,DEM
27155,Traverse,DEM
29123,Madison,REP
50007,Chittenden,DEM
56011,Crook,DEM
4027,Yuma,REP
12131,Walton,DEM
28015,Carroll,DEM
28117,Prentiss,REP
48119,Delta,REP
13015,Bartow,DEM
20023,Cheyenne,REP
22119,Webster,REP
53015,Cowlitz,DEM
55059,Kenosha,REP
28073,Lamar,REP
36111,Ulster,REP
1027,Clay,DEM
22015,Bossier,DEM
35053,Socorro,DEM
39079,Jackson,REP
4025,Yavapai,REP
18149,Starke,DEM
20019,Chautauqua,DEM
53027,Grays Harbor,DEM
1129,Washington,DEM
5051,Garland,REP
8059,Jefferson,DEM
39081,Jefferson,REP
51109,Louisa,DEM
55013,Burnett,REP
12107,Putnam,DEM
18173,Warrick,DEM
20083,Hodgeman,REP
48095,Concho,REP
5105,Perry,DEM
30095,Stillwater,REP
31173,Thurston,DEM
36001,Albany,DEM
27087,Mahnomen,REP
46085,Lyman,DEM
17017,Cass,DEM
45021,Cherokee,REP
46041,Dewey,REP
54083,Randolph,REP
1065,Hale,DEM
20207,Woodson,DEM
37131,Northampton,DEM
4021,Pinal,DEM
18143,Scott,DEM
21221,Trigg,DEM
23029,Washington,DEM
26055,Grand Traverse,REP
45085,Sumter,DEM
51111,Lunenburg,REP
54075,Pocahontas,DEM
55067,Langlade,DEM
20039,Decatur,REP
21139,Livingston,REP
41023,Grant,DEM
47127,Moore,DEM
53035,Kitsap,REP
4019,Pima,REP
28071,Lafayette,REP
29223,Wayne,DEM
39131,Pike,REP
47005,Benton,DEM
24035,Queen Anne's,DEM
46061,Hanson,DEM
5119,Pulaski,REP
36099,Seneca,REP
38039,Griggs,DEM
42079,Luzerne,DEM
45027,Clarendon,DEM
48343,Morris,REP
54023,Grant,REP
39073,Hocking,DEM
40095,Marshall,DEM
22003,Allen,REP
48479,Webb,DEM
17129,Menard,DEM
49041,Sevier,REP
13107,Emanuel,REP
49043,Summit,DEM
1053,Escambia,REP
42095,Northampton,REP
47061,Grundy,DEM
20049,Elk,REP
39043,Erie,DEM
47169,Trousdale,REP
12031,Duval,REP
42121,Venango,REP
48017,Bailey,REP
13151,Henry,DEM
18101,Martin,DEM
18111,Newton,REP
34027,Morris,DEM
47023,Chester,DEM
51155,Pulaski,DEM
13211,Morgan,REP
21127,Lawrence,DEM
1029,Cleburne,REP
5081,Little River,DEM
13135,Gwinnett,REP
17009,Brown,DEM
22091,St. Helena,REP
47143,Rhea,REP
55007,Bayfield,REP
1017,Chambers,DEM
13005,Bacon,REP
13229,Pierce,DEM
28025,Clay,DEM
48081,Coke,DEM
51011,Appomattox,DEM
51125,Nelson,REP
12093,Okeechobee,DEM
13185,Lowndes,REP
5019,Clark,REP
24027,Howard,REP
31083,Harlan,DEM
31087,Hitchcock,REP
37023,Burke,DEM
48335,Mitchell,DEM
54049,Marion,REP
34001,Atlantic,DEM
37079,Greene,DEM
47161,Stewart,DEM
48407,San Jacinto,DEM
6005,Amador,REP
13077,Coweta,DEM
33009,Grafton,DEM
54089,Summers,REP
5125,Saline,REP
13277,Tift,DEM
20109,Logan,REP
28105,Oktibbeha,DEM
30089,Sanders,DEM
31153,Sarpy,DEM
46129,Walworth,DEM
28087,Lowndes,REP
51053,Dinwiddie,DEM
54041,Lewis,DEM
17101,Lawrence,DEM
18043,Floyd,REP
31055,Douglas,REP
33013,Merrimack,DEM
41037,Lake,DEM
42033,Clearfield,DEM
16029,Caribou,DEM
22045,Iberia,DEM
23017,Oxford,REP
23027,Waldo,DEM
37083,Halifax,REP
49053,Washington,DEM
5067,Jackson,REP
13155,Irwin,REP
30035,Glacier,REP
30073,Pondera,REP
38011,Bowman,DEM
1035,Conecuh,REP
12111,St. Lucie,DEM
27125,Red Lake,REP
51071,Giles,REP
1067,Henry,DEM
1081,Lee,REP
51029,Buckingham,REP
22057,Lafourche,DEM
28135,Tallahatchie,DEM
30017,Custer,DEM
54011,Cabell,REP
54085,Ritchie,DEM
22073,Ouachita,REP
51021,Bland,REP
26033,Chippewa,REP
37007,Anson,DEM
45031,Darlington,REP
13279,Toombs,DEM
17175,Stark,DEM
47121,Meigs,DEM
53009,Clallam,REP
9009,New Haven,REP
24039,Somerset,REP
1123,Tallapoosa,REP
5001,Arkansas,DEM
8095,Phillips,REP
42003,Allegheny,DEM
48357,Ochiltree,REP
30057,Madison,REP
38001,Adams,REP
26089,Leelanau,DEM
37065,Edgecombe,REP
38091,Steele,DEM
28023,Clarke,DEM
37027,Caldwell,REP
45079,Richland,REP
48227,Howard,DEM
1001,Autauga,DEM
1119,Sumter,REP
40057,Harmon,REP
51025,Brunswick,DEM
28041,Greene,REP
55001,Adams,DEM
13087,Decatur,REP
33015,Rockingham,REP
37141,Pender,DEM
5027,Columbia,DEM
12091,Okaloosa,REP
54057,Mineral,DEM
4017,Navajo,DEM
12041,Gilchrist,REP
37121,Mitchell,REP
50023,Washington,REP
21041,Carroll,DEM
38065,Oliver,REP
5117,Prairie,REP
22067,Morehouse,REP
24019,Dorchester,REP
29227,Worth,REP
41057,Tillamook,DEM
1085,Lowndes,DEM
13105,Elbert,DEM
13317,Wilkes,DEM
21189,Owsley,DEM
22005,Ascension,REP
33011,Hillsborough,DEM
41031,Jefferson,REP
51157,Rappahannock,REP
55129,Washburn,DEM
26109,Menominee,DEM
47129,Morgan,REP
51147,Prince Edward,REP
17047,Edwards,DEM
30055,McCone,DEM
37185,Warren,REP
8081,Moffat,REP
12039,Gadsden,REP
13233,Polk,REP
28077,Lawrence,REP
46033,Custer,REP
51135,Nottoway,DEM
12007,Bradford,REP
13221,Oglethorpe,DEM
16069,Nez Perce,REP
17171,Scott,REP
30067,Park,REP
45015,Berkeley,DEM
1057,Fayette,REP
21039,Carlisle,REP
54037,Jefferson,DEM
37105,Lee,REP
48433,Stonewall,REP
31029,Chase,DEM
46049,Faulk,DEM
46055,Haakon,REP
48065,Carson,DEM
48107,Crosby,REP
48129,Donley,REP
49021,Iron,REP
51091,Highland,DEM
54007,Braxton,DEM
12061,Indian River,REP
17097,Lake,REP
20047,Edwards,DEM
36097,Schuyler,DEM
38027,Eddy,REP
48505,Zapata,DEM
1087,Macon,REP
46021,Campbell,DEM
1075,Lamar,DEM
8105,Rio Grande,REP
21225,Union,REP
22061,Lincoln,REP
29155,Pemiscot,DEM
35027,Lincoln,REP
9013,Tolland,REP
16059,Lemhi,REP
25003,Berkshire,REP
25009,Essex,DEM
31017,Brown,REP
5123,St. Francis,DEM
13299,Ware,DEM
26035,Clare,DEM
35043,Sandoval,REP
46071,Jackson,REP
48405,San Augustine,REP
16071,Oneida,REP
5037,Cross,DEM
54067,Nicholas,DEM
20097,Kiowa,DEM
22029,Concordia,REP
31101,Keith,DEM
42105,Potter,REP
45035,Dorchester,REP
1105,Perry,REP
28097,Montgomery,DEM
29179,Reynolds,REP
42131,Wyoming,DEM
10003,New Castle,REP
28011,Bolivar,REP
37049,Craven,DEM
37071,Gaston,REP
51175,Southampton,REP
13033,Burke,DEM
35049,Santa Fe,DEM
13219,Oconee,REP
13305,Wayne,REP
48199,Hardin,DEM
18125,Pike,REP
37113,Macon,REP
48071,Chambers,DEM
48183,Gregg,DEM
48329,Midland,DEM
5107,Phillips,REP
13311,White,REP
30019,Daniels,REP
30045,Judith Basin,DEM
41049,Morrow,REP
45087,Union,DEM
16063,Lincoln,REP
51043,Clarke,DEM
12133,Washington,DEM
18165,Vermillion,DEM
48197,Hardeman,DEM
5043,Drew,REP
12017,Citrus,DEM
12115,Sarasota,REP
36015,Chemung,REP
46073,Jerauld,REP
21201,Robertson,DEM
22065,Madison,DEM
23009,Hancock,REP
48179,Gray,REP
4001,Apache,REP
12117,Seminole,DEM
28141,Tishomingo,DEM
31165,Sioux,REP
38031,Foster,REP
13099,Early,REP
13251,Screven,DEM
29093,Iron,DEM
32007,Elko,REP
13315,Wilcox,REP
23001,Androscoggin,REP
30087,Rosebud,DEM
31043,Dakota,REP
41041,Lincoln,DEM
48361,Orange,DEM
51089,Henry,DEM
12089,Nassau,DEM
48295,Lipscomb,DEM
53029,Island,DEM
13261,Sumter,REP
32031,Washoe,REP
48317,Martin,REP
13303,Washington,DEM
24029,Kent,REP
47115,Marion,REP
8061,Kiowa,DEM
26011,Arenac,DEM
51007,Amelia,DEM
12065,Jefferson,DEM
16003,Adams,DEM
21025,Breathitt,REP
21077,Gallatin,DEM
21197,Powell,DEM
32019,Lyon,REP
13271,Telfair,DEM
20171,Scott,DEM
46047,Fall River,DEM
48191,Hall,REP
13163,Jefferson,DEM
18163,Vanderburgh,DEM
22013,Bienville,REP
26113,Missaukee,REP
28047,Harrison,REP
48023,Baylor,DEM
6059,Orange,REP
8017,Cheyenne,DEM
18115,Ohio,DEM
45011,Barnwell,REP
8003,Alamosa,DEM
16021,Boundary,DEM
36105,Sullivan,REP
39061,Hamilton,DEM
5077,Lee,DEM
12051,Hendry,DEM
54017,Doddridge,REP
54091,Taylor,REP
5139,Union,DEM
13231,Pike,REP
20101,Lane,DEM
49045,Tooele,DEM
28161,Yalobusha,DEM
37181,Vance,REP
48047,Brooks,DEM
31105,Kimball,REP
48275,Knox,REP
48327,Menard,DEM
1011,Bullock,DEM
12011,Broward,REP
26141,Presque Isle,DEM
37119,Mecklenburg,REP
51161,Roanoke,REP
54043,Lincoln,DEM
13075,Cook,REP
13143,Haralson,DEM
20017,Chase,DEM
45061,Lee,DEM
46107,Potter,REP
26163,Wayne,REP
30011,Carter,REP
49051,Wasatch,DEM
13291,Union,REP
28155,Webster,DEM
31057,Dundy,DEM
31149,Rock,REP
34021,Mercer,DEM
46007,Bennett,DEM
51065,Fluvanna,REP
55031,Douglas,DEM
5017,Chicot,REP
20203,Wichita,DEM
30101,Toole,DEM
51153,Prince William,DEM
30097,Sweet Grass,DEM
38087,Slope,DEM
48447,Throckmorton,REP
13199,Meriwether,REP
13161,Jeff Davis,DEM
13201,Miller,REP
18009,Blackford,REP
20199,Wallace,REP
48125,Dickens,DEM
6035,Lassen,DEM
12073,Leon,DEM
13287,Turner,DEM
22099,St. Martin,DEM
31069,Garden,REP
42093,Montour,REP
46081,Lawrence,REP
35017,Grant,REP
35019,Guadalupe,DEM
46095,Mellette,REP
51177,Spotsylvania,REP
12067,Lafayette,REP
22027,Claiborne,DEM
26129,Ogemaw,DEM
30025,Fallon,DEM
35007,Colfax,REP
45067,Marion,DEM
13055,Chattooga,REP
16039,Elmore,REP
20189,Stevens,REP
48111,Dallam,REP
56027,Niobrara,REP
4009,Graham,REP
6109,Tuolumne,REP
17151,Pope,REP
26101,Manistee,DEM
45017,Calhoun,REP
46119,Sully,REP
47139,Polk,DEM
13047,Catoosa,REP
13285,Troup,DEM
28059,Jackson,REP
42035,Clinton,REP
46137,Ziebach,DEM
50025,Windham,DEM
5073,Lafayette,REP
6043,Mariposa,REP
8011,Bent,DEM
13217,Newton,DEM
31073,Gosper,DEM
46065,Hughes,DEM
48169,Garza,REP
51800,Suffolk,REP
54095,Tyler,DEM
56009,Converse,REP
29189,St. Louis,REP
45037,Edgefield,REP
46063,Harding,DEM
5011,Bradley,REP
13025,Brantley,REP
13123,Gilmer,REP
37011,Avery,DEM
54081,Raleigh,REP
5069,Jefferson,REP
18161,Union,DEM
5003,Ashley,DEM
20093,Kearny,DEM
28035,Forrest,REP
47171,Unicoi,DEM
1063,Greene,DEM
13003,Atkinson,DEM
18097,Marion,DEM
26009,Antrim,REP
31085,Hayes,REP
39153,Summit,DEM
51001,Accomack,DEM
56041,Uinta,REP
48413,Schleicher,DEM
56019,Johnson,DEM
8005,Arapahoe,DEM
21143,Lyon,DEM
28111,Perry,DEM
30075,Powder River,REP
38007,Billings,DEM
45009,Bamberg,DEM
45049,Hampton,REP
47083,Houston,DEM
16037,Custer,REP
20067,Grant,DEM
28133,Sunflower,REP
39085,Lake,REP
47151,Scott,DEM
28131,Stone,REP
37123,Montgomery,REP
42069,Lackawanna,DEM
45033,Dillon,DEM
48351,Newton,REP
8055,Huerfano,DEM
20081,Haskell,DEM
22021,Caldwell,DEM
41007,Clatsop,REP
48501,Yoakum,REP
13223,Paulding,REP
30001,Beaverhead,DEM
49029,Morgan,REP
53049,Pacific,REP
5079,Lincoln,REP
13193,Macon,DEM
48057,Calhoun,DEM
6081,San Mateo,REP
13043,Candler,DEM
13121,Fulton,DEM
54021,Gilmer,DEM
21115,Johnson,DEM
22081,Red River,REP
46121,Todd,DEM
56001,Albany,REP
1131,Wilcox,DEM
4005,Coconino,DEM
13187,Lumpkin,DEM
20061,Geary,DEM
26041,Delta,DEM
48425,Somervell,DEM
13167,Johnson,REP
16081,Teton,DEM
37039,Cherokee,DEM
45055,Kershaw,REP
13213,Murray,REP
21105,Hickman,REP
34029,Ocean,DEM
51049,Cumberland,DEM
5041,Desha,DEM
48137,Edwards,DEM
1023,Choctaw,REP
17185,Wabash,DEM
20175,Seward,REP
35003,Catron,REP
49017,Garfield,DEM
51075,Goochland,DEM
56025,Natrona,DEM
9007,Middlesex,DEM
20033,Comanche,REP
48075,Childress,REP
30065,Musselshell,REP
12047,Hamilton,REP
23013,Knox,REP
37153,Richmond,REP
1025,Clarke,DEM
16077,Power,DEM
38033,Golden Valley,DEM
8103,Rio Blanco,DEM
24001,Allegany,DEM
37019,Brunswick,DEM
48371,Pecos,DEM
5025,Cleveland,DEM
13255,Spalding,DEM
17059,Gallatin,REP
20025,Clark,REP
26001,Alcona,DEM
37143,Perquimans,REP
44007,Providence,DEM
46069,Hyde,DEM
50015,Lamoille,REP
5095,Monroe,DEM
20075,Hamilton,DEM
33005,Cheshire,DEM
48273,Kleberg,REP
48283,La Salle,DEM
13145,Harris,DEM
13209,Montgomery,DEM
30053,Lincoln,DEM
36039,Greene,DEM
48045,Briscoe,DEM
48195,Hansford,DEM
12085,Martin,REP
13189,McDuffie,DEM
17153,Pulaski,REP
26069,Iosco,REP
31049,Deuel,REP
17031,Cook,DEM
21019,Boyd,REP
23015,Lincoln,DEM
37187,Washington,DEM
28043,Grenada,DEM
45043,Georgetown,DEM
13113,Fayette,DEM
20129,Morton,REP
23007,Franklin,DEM
29133,Mississippi,REP
30077,Powell,DEM
42083,McKean,DEM
48489,Willacy,DEM
54103,Wetzel,REP
1037,Coosa,DEM
1113,Russell,DEM
53051,Pend Oreille,DEM
13153,Houston,DEM
16035,Clearwater,REP
30043,Jefferson,DEM
31071,Garfield,REP
47175,Van Buren,DEM
48211,Hemphill,REP
48421,Sherman,DEM
13133,Greene,DEM
34023,Middlesex,DEM
47135,Perry,REP
29035,Carter,REP
48341,Moore,DEM
56045,Weston,REP
13093,Dooly,DEM
28009,Benton,DEM
32003,Clark,REP
39163,Vinton,REP
48385,Real,DEM
48417,Shackelford,DEM
51079,Greene,DEM
2020,Anchorage,REP
9001,Fairfield,DEM
12019,Clay,DEM
13159,Jasper,DEM
28019,Choctaw,REP
48011,Armstrong,REP
48079,Cochran,REP
48311,McMullen,DEM
51187,Warren,REP
56007,Carbon,DEM
13171,Lamar,REP
53019,Ferry,REP
5035,Crittenden,REP
6041,Marin,REP
26029,Charlevoix,DEM
8025,Crowley,REP
13023,Bleckley,DEM
24041,Talbot,DEM
45019,Charleston,DEM
48465,Val Verde,DEM
13083,Dade,REP
13227,Pickens,DEM
21129,Lee,DEM
47101,Lewis,DEM
48403,Sabine,DEM
48507,Zavala,DEM
48315,Marion,REP
55003,Ashland,REP
51145,Powhatan,DEM
5053,Grant,DEM
8115,Sedgwick,DEM
20071,Greeley,REP
45039,Fairfield,REP
54105,Wirt,DEM
22043,Grant,REP
31103,Keya Paha,DEM
37073,Gates,DEM
37111,McDowell,REP
22107,Tensas,REP
30033,Garfield,REP
56035,Sublette,REP
20187,Stanton,REP
35031,McKinley,REP
38085,Sioux,REP
48391,Refugio,DEM
12003,Baker,REP
26047,Emmet,REP
26165,Wexford,DEM
33017,Strafford,DEM
46113,Shannon,DEM
28157,Wilkinson,REP
44009,Washington,REP
48127,Dimmit,REP
49001,Beaver,REP
48397,Rockwall,REP
8109,Saguache,REP
12125,Union,DEM
13017,Ben Hill,REP
13081,Crisp,REP
16013,Blaine,DEM
22059,La Salle,REP
5147,Woodruff,REP
27071,Koochiching,DEM
28045,Hancock,REP
33019,Sullivan,DEM
37099,Jackson,REP
48135,Ector,REP
46117,Stanley,REP
49037,San Juan,DEM
54019,Fayette,DEM
5103,Ouachita,DEM
28037,Franklin,DEM
28151,Washington,REP
13257,Stephens,DEM
16009,Benewah,DEM
28021,Claiborne,REP
54099,Wayne,DEM
13103,Effingham,DEM
13111,Fannin,DEM
13273,Terrell,REP
22035,East Carroll,REP
28063,Jefferson,REP
46075,Jones,REP
48155,Foard,DEM
51093,Isle of Wight,REP
13293,Upson,REP
22049,Jackson,REP
27077,Lake of the Woods,DEM
28053,Humphreys,DEM
13085,Dawson,DEM
26031,Cheboygan,REP
48173,Glasscock,DEM
54093,Tucker,REP
17155,Putnam,DEM
48435,Sutton,DEM
49023,Juab,DEM
8023,Costilla,REP
22125,West Feliciana,DEM
30007,Broadwater,REP
36031,Essex,DEM
1007,Bibb,DEM
36035,Fulton,REP
48345,Motley,DEM
13253,Seminole,DEM
17069,Hardin,REP
37103,Jones,REP
31183,Wheeler,DEM
33007,Coos,REP
13165,Jenkins,REP
18013,Brown,REP
49007,Carbon,DEM
49055,Wayne,REP
51033,Caroline,REP
51045,Craig,REP
28119,Quitman,DEM
35006,Cibola,REP
47153,Sequatchie,REP
48247,Jim Hogg,REP
54013,Calhoun,DEM
34007,Camden,DEM
37175,Transylvania,DEM
13269,Taylor,REP
35021,Harding,DEM
54039,Kanawha,REP
13207,Monroe,DEM
13181,Lincoln,DEM
32013,Humboldt,REP
35011,De Baca,DEM
37149,Polk,DEM
48323,Maverick,DEM
35051,Sierra,DEM
51179,Stafford,DEM
51550,Chesapeake,DEM
4015,Mohave,REP
12043,Glades,REP
16023,Butte,DEM
37139,Pasquotank,DEM
48205,Hartley,REP
20209,Wyandotte,DEM
28083,Leflore,DEM
34009,Cape May,REP
37043,Clay,REP
13095,Dougherty,REP
13237,Putnam,DEM
17003,Alexander,DEM
41015,Curry,DEM
12021,Collier,DEM
45069,Marlboro,REP
2090,Fairbanks North Star,DEM
13309,Wheeler,REP
13149,Heard,REP
13169,Jones,DEM
28149,Warren,DEM
13109,Evans,REP
22127,Winn,REP
51005,Alleghany,DEM
51131,Northampton,REP
32005,Douglas,DEM
37041,Chowan,REP
12015,Charlotte,REP
48101,Cottle,REP
56043,Washakie,DEM
31007,Banner,REP
33003,Carroll,REP
37091,Hertford,DEM
37093,Hoke,DEM
51149,Prince George,REP
25021,Norfolk,REP
48233,Hutchinson,REP
8093,Park,DEM
13073,Columbia,DEM
30109,Wibaux,REP
42047,Elk,DEM
55113,Sawyer,DEM
37075,Graham,REP
8015,Chaffee,REP
13225,Peach,REP
45053,Jasper,REP
53013,Columbia,REP
53055,San Juan,REP
16061,Lewis,DEM
30079,Prairie,DEM
53045,Mason,DEM
21075,Fulton,REP
36093,Schenectady,REP
42025,Carbon,DEM
37063,Durham,REP
42113,Sullivan,DEM
48375,Potter,DEM
51081,Greensville,REP
8007,Archuleta,DEM
33001,Belknap,REP
51183,Sussex,DEM
23021,Piscataquis,REP
30051,Liberty,REP
54065,Morgan,REP
35029,Luna,REP
41055,Sherman,DEM
42089,Monroe,DEM
50003,Bennington,DEM
51810,Virginia Beach,REP
53023,Garfield,DEM
13035,Butts,REP
41069,Wheeler,DEM
8051,Gunnison,DEM
26061,Houghton,REP
28027,Coahoma,DEM
56037,Sweetwater,DEM
13281,Towns,REP
51087,Henrico,REP
51097,King and Queen,DEM
13067,Cobb,DEM
13197,Marion,REP
13301,Warren,DEM
48389,Reeves,REP
12109,St. Johns,DEM
48263,Kent,REP
51041,Chesterfield,DEM
13241,Rabun,REP
22047,Iberville,DEM
48235,Irion,DEM
51159,Richmond,REP
13263,Talbot,DEM
22075,Plaquemines,REP
51193,Westmoreland,DEM
54069,Ohio,DEM
8033,Dolores,DEM
8049,Grand,DEM
13021,Bibb,DEM
26137,Otsego,DEM
35023,Hidalgo,DEM
51195,Wise,DEM
22109,Terrebonne,REP
49025,Kane,REP
51059,Fairfax,DEM
53031,Jefferson,REP
4023,Santa Cruz,DEM
48105,Crockett,REP
12013,Calhoun,REP
28001,Adams,REP
51099,King George,DEM
4007,Gila,REP
12123,Taylor,REP
13177,Lee,DEM
23023,Sagadahoc,REP
25001,Barnstable,DEM
30107,Wheatland,DEM
31113,Logan,DEM
5013,Calhoun,DEM
48003,Andrews,REP
56017,Hot Springs,DEM
26019,Benzie,DEM
31115,Loup,REP
49033,Rich,REP
13079,Crawford,DEM
21147,McCreary,REP
32023,Nye,REP
51133,Northumberland,DEM
53003,Asotin,REP
8027,Custer,DEM
13247,Rockdale,REP
13283,Treutlen,REP
26119,Montmorency,REP
41021,Gilliam,DEM
48377,Presidio,REP
54073,Pleasants,REP
13007,Baker,DEM
13235,Pulaski,REP
6063,Plumas,REP
13009,Baldwin,DEM
53069,Wahkiakum,DEM
5039,Dallas,DEM
37095,Hyde,DEM
51017,Bath,REP
51057,Essex,DEM
55041,Forest,REP
13243,Randolph,REP
13245,Richmond,REP
32027,Pershing,DEM
30039,Granite,DEM
45005,Allendale,REP
48033,Borden,REP
12029,Dixie,DEM
13289,Twiggs,DEM
6105,Trinity,REP
31117,McPherson,REP
32017,Lincoln,REP
51101,King William,REP
13141,Hancock,DEM
21071,Floyd,DEM
50013,Grand Isle,DEM
8037,Eagle,DEM
26085,Lake,DEM
30059,Meagher,REP
13097,Douglas,REP
13173,Lanier,REP
31009,Blaine,REP
45013,Beaufort,REP
51073,Gloucester,REP
13037,Calhoun,DEM
37031,Carteret,REP
48229,Hudspeth,REP
37165,Scotland,REP
48271,Kinney,DEM
48359,Oldham,DEM
51051,Dickenson,REP
16085,Valley,REP
32033,White Pine,REP
44005,Newport,DEM
51027,Buchanan,DEM
30093,Silver Bow,REP
30037,Golden Valley,REP
39035,Cuyahoga,DEM
54015,Clay,DEM
26131,Ontonagon,DEM
48043,Brewster,REP
48461,Upton,REP
51181,Surry,DEM
13319,Wilkinson,REP
54101,Webster,DEM
2122,Kenai Peninsula,DEM
26043,Dickinson,REP
13249,Schley,DEM
31171,Thomas,REP
49031,Piute,REP
8113,San Miguel,REP
12103,Pinellas,REP
34003,Bergen,REP
13259,Stewart,DEM
12129,Wakulla,DEM
13065,Clinch,REP
12035,Flagler,REP
45065,McCormick,REP
8057,Jackson,REP
30103,Treasure,DEM
37177,Tyrrell,DEM
48393,Roberts,REP
4011,Greenlee,DEM
26103,Marquette,REP
55079,Milwaukee,REP
48443,Terrell,REP
13101,Echols,DEM
26135,Oscoda,REP
30069,Petroleum,REP
37173,Swain,DEM
55085,Oneida,REP
54009,Brooke,DEM
22121,West Baton Rouge,DEM
26079,Kalkaska,DEM
48383,Reagan,REP
50009,Essex,DEM
55037,Florence,REP
56039,Teton,REP
6015,Del Norte,DEM
8119,Teller,DEM
13049,Charlton,DEM
16025,Camas,REP
28055,Issaquena,REP
37029,Camden,DEM
49019,Grand,DEM
13125,Glascock,REP
48475,Ward,DEM
13307,Webster,REP
26071,Iron,DEM
26097,Mackinac,REP
37053,Currituck,REP
46017,Buffalo,REP
47095,Lake,DEM
54029,Hancock,REP
12077,Liberty,REP
51119,Middlesex,DEM
32015,Lander,REP
8091,Ouray,REP
31091,Hooker,DEM
13265,Taliaferro,DEM
22101,St. Mary,REP
37137,Pamlico,REP
31005,Arthur,DEM
13183,Long,REP
17043,DuPage,DEM
6027,Inyo,REP
51103,Lancaster,REP
4012,La Paz,REP
28143,Tunica,DEM
30061,Mineral,DEM
48109,Culberson,DEM
51127,New Kent,REP
36119,Westchester,DEM
53059,Skamania,DEM
30023,Deer Lodge,REP
32011,Eureka,REP
16015,Boise,DEM
21013,Bell,REP
22089,St. Charles,REP
26013,Baraga,DEM
13059,Clarke,DEM
44003,Kent,DEM
51036,Charles City,REP
6051,Mono,DEM
26003,Alger,REP
48243,Jeff Davis,DEM
51115,Mathews,DEM
12005,Bay,DEM
16033,Clark,REP
37129,New Hanover,REP
55051,Iron,REP
21195,Pike,REP
36113,Warren,REP
48431,Sterling,REP
51095,James City,REP
54109,Wyoming,REP
13029,Bryan,DEM
22051,Jefferson,DEM
31075,Grant,DEM
8097,Pitkin,DEM
13063,Clayton,REP
28125,Sharkey,REP
42045,Delaware,REP
22007,Assumption,REP
51199,York,REP
26153,Schoolcraft,DEM
6091,Sierra,REP
13179,Liberty,DEM
26053,Gogebic,DEM
13039,Camden,DEM
13089,DeKalb,REP
25007,Dukes,REP
48103,Crane,REP
34031,Passaic,REP
13215,Muscogee,DEM
13061,Clay,REP
16079,Shoshone,DEM
48007,Aransas,DEM
21193,Perry,DEM
54005,Boone,REP
13127,Glynn,REP
26143,Roscommon,DEM
27075,Lake,REP
42053,Forest,REP
13051,Chatham,REP
32021,Mineral,REP
55125,Vilas,DEM
13191,McIntosh,REP
36079,Putnam,REP
42103,Pike,DEM
21119,Knott,REP
21133,Letcher,DEM
36059,Nassau,REP
26095,Luce,DEM
22093,St. James,DEM
27123,Ramsey,DEM
48269,King,REP
49009,Daggett,REP
13239,Quitman,REP
22087,St. Bernard,DEM
21095,Harlan,REP
42023,Cameron,REP
12045,Gulf,DEM
21159,Martin,DEM
32510,Carson City city,DEM
44001,Bristol,DEM
21131,Leslie,DEM
48261,Kenedy,REP
48495,Winkler,DEM
26039,Crawford,DEM
32009,Esmeralda,DEM
36087,Rockland,DEM
54045,Logan,REP
22095,St. John the Baptist,DEM
8065,Lake,DEM
2016,Aleutians West,REP
8117,Summit,DEM
13053,Chattahoochee,DEM
34013,Essex,DEM
25019,Nantucket,REP
8031,Denver,DEM
8047,Gilpin,REP
8053,Hinsdale,DEM
22071,Orleans,REP
8019,Clear Creek,DEM
48301,Loving,REP
34039,Union,REP
54047,McDowell,DEM
54059,Mingo,REP
2110,Juneau,DEM
8079,Mineral,DEM
12087,Monroe,DEM
27031,Cook,DEM
12037,Franklin,DEM
35028,Los Alamos,REP
42101,Philadelphia,REP
6003,Alpine,DEM
32029,Storey,DEM
37055,Dare,REP
6075,San Francisco,REP
26083,Keweenaw,REP
51013,Arlington,REP
8111,San Juan,REP
25025,Suffolk,REP
36041,Hamilton,DEM
36047,Kings,DEM
36085,Richmond,DEM
55078,Menominee,DEM
2013,Aleutians East,DEM
2050,Bethel,DEM
2060,Bristol Bay,REP
2068,Denali,DEM
2070,Dillingham,REP
2100,Haines,REP
2105,Hoonah-Angoon,DEM
2130,Ketchikan Gateway,DEM
2150,Kodiak Island,REP
2164,Lake and Peninsula,REP
2170,Matanuska-Susitna,DEM
2180,Nome,DEM
2185,North Slope,DEM
2188,Northwest Arctic,REP
2195,Petersburg,REP
2198,Prince of Wales-Hyder,REP
2220,Sitka,DEM
2230,Skagway,DEM
2240,Southeast Fairbanks,DEM
2261,Valdez-Cordova,DEM
2270,Wade Hampton,REP
2275,Wrangell,DEM
2282,Yakutat,REP
2290,Yukon-Koyukuk,REP
8014,Broomfield,DEM
0,District of Columbia,DEM
15005,Kalawao,DEM
24510,Baltimore city,REP
29510,St. Louis city,DEM
30113,Yellowstone National Park,DEM
34017,Hudson,DEM
36005,Bronx,DEM
36061,New York,DEM
36081,Queens,REP
51510,Alexandria,DEM
51515,Bedford,DEM
51520,Bristol,DEM
51530,Buena Vista,DEM
51540,Charlottesville,REP
51560,Clifton Forge,DEM
51570,Colonial Heights,REP
51580,Covington,DEM
51590,Danville,REP
51595,Emporia,REP
51600,Fairfax,REP
51610,Falls Church,DEM
51620,Franklin,REP
51630,Fredericksburg,DEM
51640,Galax,REP
51650,Hampton,REP
51660,Harrisonburg,REP
51670,Hopewell,REP
51678,Lexington,DEM
51680,Lynchburg,REP
51683,Manassas,DEM
51685,Manassas Park,REP
51690,Martinsville,DEM
51700,Newport News,DEM
51710,Norfolk,DEM
51720,Norton,DEM
51730,Petersburg,REP
51735,Poquoson,DEM
51740,Portsmouth,REP
51750,Radford,REP
51760,Richmond,REP
51770,Roanoke,DEM
51775,Salem,DEM
51780,South Boston,DEM
51790,Staunton,REP
51820,Waynesboro,REP
51830,Williamsburg,REP
51840,Winchester,REP